generation,evaluations,best_fitness,mean_fitness,mean_modules,variant,seed
1,200,15.80111097397076,19.073764094425407,18.64,Tournament selection,42
2,300,15.80111097397076,17.48924567469005,12.45,Tournament selection,42
3,400,15.334057902536165,16.76539078648,8.58,Tournament selection,42
4,500,14.880697580112788,16.395576202442044,8.04,Tournament selection,42
5,600,14.761706725018236,16.269146329726965,8.74,Tournament selection,42
6,700,14.708607914449798,15.985585363650545,10.01,Tournament selection,42
7,800,14.434192325759245,15.890563332493969,10.49,Tournament selection,42
8,900,14.434192325759245,15.772667048318697,10.49,Tournament selection,42
9,1000,14.340063693621516,15.745513861418722,10.63,Tournament selection,42
10,1100,14.193325909419151,15.592849385474542,10.52,Tournament selection,42
11,1200,14.193325909419151,15.472875641904675,9.97,Tournament selection,42
12,1300,14.193325909419151,15.439449132998186,10.4,Tournament selection,42
13,1400,14.064965543462902,15.380193616941735,10.09,Tournament selection,42
14,1500,13.841653005427768,15.3680043502478,10.68,Tournament selection,42
15,1600,13.841653005427768,15.189466373115533,10.58,Tournament selection,42
16,1700,13.841653005427768,15.287831394198562,11.16,Tournament selection,42
17,1800,13.753720459187964,15.330505200505408,11.32,Tournament selection,42
18,1900,13.753720459187964,15.206443795081157,11.1,Tournament selection,42
19,2000,13.753720459187964,15.327238651900537,10.6,Tournament selection,42
20,2100,13.753720459187964,15.327723119150182,11.29,Tournament selection,42
21,2200,13.753720459187964,15.19731480247972,10.95,Tournament selection,42
22,2300,13.753720459187964,15.214046330907973,10.61,Tournament selection,42
23,2400,13.70185121722126,15.381562878600985,10.23,Tournament selection,42
24,2500,13.536664289109584,15.086026980053164,10.66,Tournament selection,42
25,2600,13.52710574513201,14.963931025223223,10.39,Tournament selection,42
26,2700,13.52710574513201,15.078117306019674,10.52,Tournament selection,42
27,2800,13.52710574513201,15.1191951478438,10.18,Tournament selection,42
28,2900,13.52710574513201,15.151725999877808,9.83,Tournament selection,42
29,3000,13.38806130178211,14.973475222037315,10.74,Tournament selection,42
30,3100,13.38806130178211,14.960826155078957,10.88,Tournament selection,42
31,3200,13.35870331449229,14.969673044490603,10.84,Tournament selection,42
32,3300,13.35870331449229,14.992157527966622,10.52,Tournament selection,42
33,3400,13.35870331449229,14.800522928510906,11.4,Tournament selection,42
34,3500,13.339607805437115,14.861999145535377,10.48,Tournament selection,42
35,3600,13.339607805437115,14.921840514910564,10.51,Tournament selection,42
36,3700,13.339607805437115,14.8412007572905,10.77,Tournament selection,42
37,3800,13.339607805437115,14.900800013406156,10.46,Tournament selection,42
38,3900,13.339607805437115,14.583523397311762,10.88,Tournament selection,42
39,4000,13.339607805437115,14.734263038143736,11.23,Tournament selection,42
40,4100,13.339607805437115,14.824833029506692,11.25,Tournament selection,42
41,4200,13.055294535724686,14.97271443980605,10.46,Tournament selection,42
42,4300,13.055294535724686,14.7485948854088,10.77,Tournament selection,42
43,4400,13.055294535724686,14.700009786963394,10.95,Tournament selection,42
44,4500,13.055294535724686,14.484658563855714,11.53,Tournament selection,42
45,4600,13.055294535724686,14.492570840245278,11.11,Tournament selection,42
46,4700,13.055294535724686,14.63160280380447,11.34,Tournament selection,42
47,4800,13.055294535724686,14.588434726433649,11.54,Tournament selection,42
48,4900,13.055294535724686,14.5667699160567,11.24,Tournament selection,42
49,5000,13.055294535724686,14.513058497553825,11.42,Tournament selection,42
50,5100,13.055294535724686,14.812633369022809,11.14,Tournament selection,42
51,5200,13.055294535724686,14.579336998080562,11.33,Tournament selection,42
52,5300,13.055294535724686,14.80605612454799,10.74,Tournament selection,42
53,5400,13.055294535724686,14.771085844954364,11.67,Tournament selection,42
54,5500,13.055294535724686,14.930779983895654,10.84,Tournament selection,42
55,5600,13.055294535724686,14.845740094072452,10.47,Tournament selection,42
56,5700,13.055294535724686,14.848734860178178,10.7,Tournament selection,42
57,5800,13.055294535724686,14.717483280711612,11.12,Tournament selection,42
58,5900,13.055294535724686,14.644639962134136,11.36,Tournament selection,42
59,6000,13.055294535724686,14.541491079195154,11.45,Tournament selection,42
60,6100,13.055294535724686,14.509660636183256,11.48,Tournament selection,42
61,6200,13.055294535724686,14.692998712244552,11.88,Tournament selection,42
62,6300,13.055294535724686,14.589260802277636,12.15,Tournament selection,42
63,6400,13.055294535724686,14.422592458496746,11.76,Tournament selection,42
64,6500,13.055294535724686,14.529962400769756,11.44,Tournament selection,42
65,6600,13.055294535724686,14.65185446041709,11.37,Tournament selection,42
66,6700,13.055294535724686,14.526501979953297,11.61,Tournament selection,42
67,6800,13.055294535724686,14.84837991377166,11.1,Tournament selection,42
68,6900,13.055294535724686,14.849011278586122,11.41,Tournament selection,42
69,7000,13.055294535724686,14.591318979969374,11.74,Tournament selection,42
70,7100,13.055294535724686,14.481232009859411,11.92,Tournament selection,42
71,7200,13.055294535724686,14.422738384076716,11.64,Tournament selection,42
72,7300,13.055294535724686,14.484518915073489,11.06,Tournament selection,42
73,7400,13.055294535724686,14.568144664990715,10.99,Tournament selection,42
74,7500,13.055294535724686,14.7297828352342,10.47,Tournament selection,42
75,7600,13.055294535724686,14.738007340761715,11.0,Tournament selection,42
76,7700,13.055294535724686,14.683273592446715,10.77,Tournament selection,42
77,7800,13.055294535724686,14.513882957281387,11.66,Tournament selection,42
78,7900,13.055294535724686,14.545125370747696,11.51,Tournament selection,42
79,8000,13.055294535724686,14.61895499714237,11.33,Tournament selection,42
80,8100,13.055294535724686,14.544248340254894,11.32,Tournament selection,42
81,8200,13.055294535724686,14.652324037996443,10.85,Tournament selection,42
82,8300,13.055294535724686,14.702443973615544,10.93,Tournament selection,42
83,8400,13.055294535724686,14.636596399186551,10.94,Tournament selection,42
84,8500,13.055294535724686,14.781409299936678,10.44,Tournament selection,42
85,8600,13.055294535724686,14.7376310233318,11.07,Tournament selection,42
86,8700,13.055294535724686,14.553491506769724,11.1,Tournament selection,42
87,8800,13.055294535724686,14.669231483657134,11.21,Tournament selection,42
88,8900,13.055294535724686,14.447113315694292,11.36,Tournament selection,42
89,9000,13.055294535724686,14.486036366615556,11.41,Tournament selection,42
90,9100,13.055294535724686,14.485246864555805,11.73,Tournament selection,42
91,9200,13.055294535724686,14.564247085552106,11.6,Tournament selection,42
92,9300,13.055294535724686,14.779023526199897,10.65,Tournament selection,42
93,9400,13.055294535724686,14.73450755578267,11.21,Tournament selection,42
94,9500,13.055294535724686,14.4430598780122,10.93,Tournament selection,42
95,9600,13.055294535724686,14.745680762611116,10.51,Tournament selection,42
96,9700,13.055294535724686,14.7176896780748,10.5,Tournament selection,42
97,9800,13.055294535724686,14.568637406028392,11.1,Tournament selection,42
98,9900,13.055294535724686,14.473490641115191,11.58,Tournament selection,42
99,10000,13.055294535724686,14.65868103662941,11.01,Tournament selection,42
100,10100,13.055294535724686,14.695742805813408,10.94,Tournament selection,42
1,200,15.52795348811006,18.4209167265487,17.69,Tournament selection,43
2,300,15.031300056749531,16.81185018382176,11.25,Tournament selection,43
3,400,14.780350850198277,16.19592525342871,10.43,Tournament selection,43
4,500,14.40997512422418,15.96310620805196,10.52,Tournament selection,43
5,600,14.40997512422418,15.751959122858697,10.59,Tournament selection,43
6,700,14.40997512422418,15.571755136417783,10.9,Tournament selection,43
7,800,13.833907960581373,15.507725523515989,10.54,Tournament selection,43
8,900,13.68679622641132,15.278110681069382,10.87,Tournament selection,43
9,1000,13.493737745050923,15.197179879556003,10.87,Tournament selection,43
10,1100,13.493737745050923,15.131087779157792,10.36,Tournament selection,43
11,1200,13.420465053408524,14.90157207594314,10.57,Tournament selection,43
12,1300,13.420465053408524,14.860075323108456,10.41,Tournament selection,43
13,1400,13.01657508881031,14.808695941859485,10.92,Tournament selection,43
14,1500,13.01657508881031,14.663325049645948,11.04,Tournament selection,43
15,1600,13.01657508881031,14.691053025668596,10.87,Tournament selection,43
16,1700,13.01657508881031,14.569389648685474,10.8,Tournament selection,43
17,1800,12.894427190999917,14.52869137113399,10.85,Tournament selection,43
18,1900,12.894427190999917,14.389533952114787,11.03,Tournament selection,43
19,2000,12.894427190999917,14.405283420554158,11.36,Tournament selection,43
20,2100,12.894427190999917,14.26223321127038,12.07,Tournament selection,43
21,2200,12.869535971483266,14.25251521742428,11.73,Tournament selection,43
22,2300,12.671779788708136,14.104651260339526,11.38,Tournament selection,43
23,2400,12.671779788708136,14.249648011808908,11.21,Tournament selection,43
24,2500,12.671779788708136,14.276119872269708,11.17,Tournament selection,43
25,2600,12.671779788708136,14.318234297302746,11.77,Tournament selection,43
26,2700,12.612403840463596,14.268547358245762,11.89,Tournament selection,43
27,2800,12.612403840463596,13.989212172955751,12.02,Tournament selection,43
28,2900,12.612403840463596,14.045677019181635,11.94,Tournament selection,43
29,3000,12.612403840463596,13.9417525247353,11.63,Tournament selection,43
30,3100,12.612403840463596,14.00731215381152,11.81,Tournament selection,43
31,3200,12.612403840463596,14.148515842536524,11.89,Tournament selection,43
32,3300,12.612403840463596,14.014537743179346,12.29,Tournament selection,43
33,3400,12.612403840463596,14.013412710729328,12.18,Tournament selection,43
34,3500,12.612403840463596,14.102071090886284,12.36,Tournament selection,43
35,3600,12.612403840463596,14.110816303727145,12.14,Tournament selection,43
36,3700,12.612403840463596,13.92788773807566,11.87,Tournament selection,43
37,3800,12.612403840463596,13.893442232901368,11.83,Tournament selection,43
38,3900,12.612403840463596,13.917621093124914,11.74,Tournament selection,43
39,4000,12.612403840463596,13.952922037062082,11.72,Tournament selection,43
40,4100,12.612403840463596,14.100257247124944,12.09,Tournament selection,43
41,4200,12.612403840463596,14.020676818167864,11.87,Tournament selection,43
42,4300,12.612403840463596,13.929675123743404,11.56,Tournament selection,43
43,4400,12.612403840463596,13.980929370487829,11.38,Tournament selection,43
44,4500,12.612403840463596,14.084694273195144,11.53,Tournament selection,43
45,4600,12.612403840463596,13.898457389634077,12.01,Tournament selection,43
46,4700,12.612403840463596,13.830908154842684,12.06,Tournament selection,43
47,4800,12.612403840463596,13.850981245272465,11.92,Tournament selection,43
48,4900,12.612403840463596,13.971148080323552,11.72,Tournament selection,43
49,5000,12.612403840463596,13.983669110905383,11.84,Tournament selection,43
50,5100,12.612403840463596,13.987887811624118,11.78,Tournament selection,43
51,5200,12.612403840463596,14.067157403800511,11.96,Tournament selection,43
52,5300,12.612403840463596,14.006733861976464,12.06,Tournament selection,43
53,5400,12.612403840463596,14.122882242114168,11.69,Tournament selection,43
54,5500,12.612403840463596,14.096009646121734,12.12,Tournament selection,43
55,5600,12.612403840463596,14.239231971583122,11.97,Tournament selection,43
56,5700,12.612403840463596,14.032486238223392,11.84,Tournament selection,43
57,5800,12.612403840463596,14.045621726397112,11.53,Tournament selection,43
58,5900,12.612403840463596,13.909162625212955,11.35,Tournament selection,43
59,6000,12.612403840463596,13.92085867571854,11.35,Tournament selection,43
60,6100,12.612403840463596,14.136399160275236,11.56,Tournament selection,43
61,6200,12.612403840463596,14.105343929948743,11.65,Tournament selection,43
62,6300,12.54833147735479,13.881662085106573,11.99,Tournament selection,43
63,6400,12.54833147735479,13.932696355172084,12.08,Tournament selection,43
64,6500,12.54833147735479,13.987446474706422,12.07,Tournament selection,43
65,6600,12.54833147735479,14.10608358273532,11.28,Tournament selection,43
66,6700,12.54833147735479,14.237218438184112,11.8,Tournament selection,43
67,6800,12.54833147735479,14.18617270682758,11.89,Tournament selection,43
68,6900,12.54833147735479,14.0205995918611,11.74,Tournament selection,43
69,7000,12.54833147735479,14.013307832937135,11.46,Tournament selection,43
70,7100,12.54833147735479,14.177103757245003,11.82,Tournament selection,43
71,7200,12.54833147735479,14.133257414135484,11.81,Tournament selection,43
72,7300,12.54833147735479,14.092816049733138,11.57,Tournament selection,43
73,7400,12.460232526704262,13.882506105145834,11.6,Tournament selection,43
74,7500,12.460232526704262,13.88270534376786,11.77,Tournament selection,43
75,7600,12.460232526704262,13.972505825631496,11.61,Tournament selection,43
76,7700,12.460232526704262,14.050644237841874,11.36,Tournament selection,43
77,7800,12.460232526704262,14.02959395206543,11.52,Tournament selection,43
78,7900,12.460232526704262,13.961395790771252,11.29,Tournament selection,43
79,8000,12.460232526704262,14.167307753379207,11.12,Tournament selection,43
80,8100,12.460232526704262,14.07996839764784,11.19,Tournament selection,43
81,8200,12.460232526704262,14.015391341207986,10.93,Tournament selection,43
82,8300,12.460232526704262,13.825732180376283,11.41,Tournament selection,43
83,8400,12.460232526704262,14.017708954799293,11.36,Tournament selection,43
84,8500,12.460232526704262,14.23913377084127,11.16,Tournament selection,43
85,8600,12.460232526704262,14.288554368787006,11.22,Tournament selection,43
86,8700,12.460232526704262,14.233268067942811,10.82,Tournament selection,43
87,8800,12.460232526704262,14.00847198508449,11.13,Tournament selection,43
88,8900,12.460232526704262,13.8383113709559,11.57,Tournament selection,43
89,9000,12.460232526704262,13.984466522034582,11.42,Tournament selection,43
90,9100,12.460232526704262,13.885792999378303,11.33,Tournament selection,43
91,9200,12.460232526704262,13.885976861011534,11.69,Tournament selection,43
92,9300,12.460232526704262,14.011106531348457,11.47,Tournament selection,43
93,9400,12.460232526704262,13.870845968855724,11.8,Tournament selection,43
94,9500,12.460232526704262,13.986793210454223,11.48,Tournament selection,43
95,9600,12.460232526704262,14.073302939450278,11.0,Tournament selection,43
96,9700,12.460232526704262,13.970490318692208,11.25,Tournament selection,43
97,9800,12.460232526704262,13.822595042333822,11.34,Tournament selection,43
98,9900,12.460232526704262,14.000186902165384,11.16,Tournament selection,43
99,10000,12.460232526704262,13.90217619893586,11.45,Tournament selection,43
100,10100,12.460232526704262,13.744827122296035,11.46,Tournament selection,43
1,200,15.373592452822642,18.692152032247236,18.18,Tournament selection,44
2,300,15.373592452822642,17.065750542307498,13.16,Tournament selection,44
3,400,14.992838827718412,16.212677018421758,9.82,Tournament selection,44
4,500,14.86154726279432,16.011875973671557,9.73,Tournament selection,44
5,600,14.505547008526776,15.840460673728323,9.96,Tournament selection,44
6,700,14.30384048104053,15.69534892848582,9.85,Tournament selection,44
7,800,14.30384048104053,15.575936071122769,10.0,Tournament selection,44
8,900,14.077902338672772,15.467926658094097,9.86,Tournament selection,44
9,1000,14.072077843177478,15.467584966025624,10.46,Tournament selection,44
10,1100,14.072077843177478,15.53906144938809,10.07,Tournament selection,44
11,1200,13.71084400165827,15.535013804083642,10.45,Tournament selection,44
12,1300,13.71084400165827,15.42552378263482,10.6,Tournament selection,44
13,1400,13.71084400165827,15.176387643679732,10.24,Tournament selection,44
14,1500,13.40997512422418,15.099946340378164,10.33,Tournament selection,44
15,1600,13.40997512422418,14.906065835008445,10.73,Tournament selection,44
16,1700,13.40997512422418,14.828327743138647,11.04,Tournament selection,44
17,1800,13.40997512422418,14.829204347381436,11.13,Tournament selection,44
18,1900,13.268438714135812,14.695227984826676,10.88,Tournament selection,44
19,2000,13.268438714135812,14.7479557748237,10.47,Tournament selection,44
20,2100,13.268438714135812,14.6620150799904,11.33,Tournament selection,44
21,2200,13.268438714135812,14.749362921628911,11.64,Tournament selection,44
22,2300,13.268438714135812,14.69782853635756,11.96,Tournament selection,44
23,2400,13.268438714135812,14.800934881189312,11.46,Tournament selection,44
24,2500,13.127361849549567,14.485364837485031,11.93,Tournament selection,44
25,2600,13.049285568453593,14.41092469455706,11.59,Tournament selection,44
26,2700,13.049285568453593,14.634588876223292,11.75,Tournament selection,44
27,2800,13.049285568453593,14.61366395544486,11.51,Tournament selection,44
28,2900,13.049285568453593,14.586652144608673,11.77,Tournament selection,44
29,3000,13.049285568453593,14.626583754687408,11.31,Tournament selection,44
30,3100,13.033030277982336,14.34575613263852,11.14,Tournament selection,44
31,3200,13.033030277982336,14.577325506589537,11.21,Tournament selection,44
32,3300,13.033030277982336,14.505757552610357,11.41,Tournament selection,44
33,3400,13.033030277982336,14.55397368861018,11.17,Tournament selection,44
34,3500,13.033030277982336,14.587850935983065,10.74,Tournament selection,44
35,3600,13.033030277982336,14.558494761834291,10.81,Tournament selection,44
36,3700,13.033030277982336,14.508553424263669,11.22,Tournament selection,44
37,3800,12.868438714135811,14.405327077097876,11.03,Tournament selection,44
38,3900,12.868438714135811,14.37598468156318,11.02,Tournament selection,44
39,4000,12.868438714135811,14.470773722033934,10.9,Tournament selection,44
40,4100,12.868438714135811,14.429108903928505,10.6,Tournament selection,44
41,4200,12.868438714135811,14.443899315095033,10.79,Tournament selection,44
42,4300,12.868438714135811,14.440488815005988,11.0,Tournament selection,44
43,4400,12.868438714135811,14.34049395270682,11.0,Tournament selection,44
44,4500,12.868438714135811,14.381878531265375,10.69,Tournament selection,44
45,4600,12.868438714135811,14.343064160739605,10.68,Tournament selection,44
46,4700,12.868438714135811,14.447980289988736,11.06,Tournament selection,44
47,4800,12.868438714135811,14.479988065129874,11.14,Tournament selection,44
48,4900,12.868438714135811,14.490667036523956,10.93,Tournament selection,44
49,5000,12.868438714135811,14.56325132664867,10.53,Tournament selection,44
50,5100,12.868438714135811,14.597172265815312,10.65,Tournament selection,44
51,5200,12.868438714135811,14.370903187517536,10.86,Tournament selection,44
52,5300,12.868438714135811,14.436920926710812,10.84,Tournament selection,44
53,5400,12.868438714135811,14.51223880989907,10.75,Tournament selection,44
54,5500,12.868438714135811,14.561189561595624,10.62,Tournament selection,44
55,5600,12.868438714135811,14.422170316952943,10.67,Tournament selection,44
56,5700,12.861324772583616,14.369024684641648,11.39,Tournament selection,44
57,5800,12.861324772583616,14.325161835940984,11.32,Tournament selection,44
58,5900,12.861324772583616,14.255205272759149,10.94,Tournament selection,44
59,6000,12.861324772583616,14.292252892292318,10.98,Tournament selection,44
60,6100,12.861324772583616,14.45143636073426,10.92,Tournament selection,44
61,6200,12.861324772583616,14.492417931300537,10.8,Tournament selection,44
62,6300,12.861324772583616,14.445691918625412,11.54,Tournament selection,44
63,6400,12.861324772583616,14.397544562561182,10.99,Tournament selection,44
64,6500,12.861324772583616,14.331329984223048,11.04,Tournament selection,44
65,6600,12.861324772583616,14.343748621714685,10.99,Tournament selection,44
66,6700,12.861324772583616,14.46390237450468,10.73,Tournament selection,44
67,6800,12.861324772583616,14.312268055756872,11.11,Tournament selection,44
68,6900,12.861324772583616,14.434512838120147,11.24,Tournament selection,44
69,7000,12.861324772583616,14.27776565358958,11.36,Tournament selection,44
70,7100,12.861324772583616,14.415481011881871,10.85,Tournament selection,44
71,7200,12.861324772583616,14.36366159072843,10.92,Tournament selection,44
72,7300,12.861324772583616,14.381523008043256,10.97,Tournament selection,44
73,7400,12.861324772583616,14.38241529718142,11.34,Tournament selection,44
74,7500,12.861324772583616,14.345621436742183,11.1,Tournament selection,44
75,7600,12.861324772583616,14.366778082285265,11.22,Tournament selection,44
76,7700,12.861324772583616,14.346802898288306,11.3,Tournament selection,44
77,7800,12.861324772583616,14.40977186490092,11.08,Tournament selection,44
78,7900,12.756465996625051,14.363663662587015,11.14,Tournament selection,44
79,8000,12.756465996625051,14.320001886199424,11.14,Tournament selection,44
80,8100,12.756465996625051,14.333428364424137,11.21,Tournament selection,44
81,8200,12.513552872566004,14.203305687456552,11.17,Tournament selection,44
82,8300,12.513552872566004,14.14804380368168,11.44,Tournament selection,44
83,8400,12.513552872566004,14.189557443123563,11.29,Tournament selection,44
84,8500,12.513552872566004,14.444996817923114,11.39,Tournament selection,44
85,8600,12.513552872566004,14.274696591665595,11.78,Tournament selection,44
86,8700,12.513552872566004,14.233708125921709,11.76,Tournament selection,44
87,8800,12.513552872566004,14.32910412512432,11.67,Tournament selection,44
88,8900,12.513552872566004,14.284583504388811,11.53,Tournament selection,44
89,9000,12.513552872566004,14.34976526696268,12.08,Tournament selection,44
90,9100,12.513552872566004,14.39342566076092,11.46,Tournament selection,44
91,9200,12.513552872566004,14.303280111418871,11.44,Tournament selection,44
92,9300,12.513552872566004,14.151807489120324,11.63,Tournament selection,44
93,9400,12.513552872566004,14.412620168289784,11.61,Tournament selection,44
94,9500,12.513552872566004,14.26319058006682,11.68,Tournament selection,44
95,9600,12.513552872566004,14.309496833129058,11.63,Tournament selection,44
96,9700,12.513552872566004,14.340106801207352,11.92,Tournament selection,44
97,9800,12.513552872566004,14.272133966217243,11.79,Tournament selection,44
98,9900,12.513552872566004,13.989907415806266,11.76,Tournament selection,44
99,10000,12.513552872566004,14.074046199530097,12.02,Tournament selection,44
100,10100,12.513552872566004,14.268400079130911,12.42,Tournament selection,44
1,200,15.584250278036867,18.62048300382556,18.01,Tournament selection,45
2,300,15.020897306865448,16.90850531102384,11.66,Tournament selection,45
3,400,14.881742422927145,16.18392313315551,8.57,Tournament selection,45
4,500,14.59799919935936,15.7573227841407,9.06,Tournament selection,45
5,600,14.481488772222676,15.653766500808056,9.6,Tournament selection,45
6,700,14.481488772222676,15.5991304408655,9.89,Tournament selection,45
7,800,14.281934729198172,15.44096252482381,10.25,Tournament selection,45
8,900,13.85870331449229,15.221075611690496,10.37,Tournament selection,45
9,1000,13.85870331449229,15.259538926608636,10.99,Tournament selection,45
10,1100,13.85870331449229,15.191746877992903,10.64,Tournament selection,45
11,1200,13.85870331449229,15.164311284127882,10.21,Tournament selection,45
12,1300,13.85870331449229,15.081539154520184,10.3,Tournament selection,45
13,1400,13.73606797749979,15.161576223257375,10.02,Tournament selection,45
14,1500,13.73606797749979,15.097418577024255,10.02,Tournament selection,45
15,1600,13.73606797749979,15.044265374785065,9.77,Tournament selection,45
16,1700,13.683266665599966,14.94949806440538,10.27,Tournament selection,45
17,1800,13.683266665599966,14.92325689812425,10.08,Tournament selection,45
18,1900,13.683266665599966,14.91960293762702,10.1,Tournament selection,45
19,2000,13.683266665599966,14.897420659295024,10.32,Tournament selection,45
20,2100,13.660107523773828,14.861353125201491,10.32,Tournament selection,45
21,2200,13.660107523773828,14.885644974052552,10.28,Tournament selection,45
22,2300,13.660107523773828,14.933954200658873,10.1,Tournament selection,45
23,2400,13.660107523773828,14.895932555202894,10.53,Tournament selection,45
24,2500,13.660107523773828,15.011778980813538,10.19,Tournament selection,45
25,2600,13.660107523773828,14.920971482859713,10.18,Tournament selection,45
26,2700,13.660107523773828,14.819127698765223,10.54,Tournament selection,45
27,2800,13.660107523773828,14.835214627469949,10.47,Tournament selection,45
28,2900,13.660107523773828,14.776610944341694,10.29,Tournament selection,45
29,3000,13.6131126469709,14.85665935457682,10.23,Tournament selection,45
30,3100,13.6131126469709,14.792447178158016,10.34,Tournament selection,45
31,3200,13.6131126469709,14.823569554787824,10.58,Tournament selection,45
32,3300,13.6131126469709,14.836458335627649,10.86,Tournament selection,45
33,3400,13.6131126469709,14.841742007313208,10.37,Tournament selection,45
34,3500,13.6131126469709,14.843917472994704,9.85,Tournament selection,45
35,3600,13.6131126469709,14.68155594929841,10.64,Tournament selection,45
36,3700,13.6131126469709,14.79407727003056,10.26,Tournament selection,45
37,3800,13.6131126469709,14.85274134279944,10.35,Tournament selection,45
38,3900,13.6131126469709,14.947391894249646,10.39,Tournament selection,45
39,4000,13.6131126469709,14.670456083340143,10.67,Tournament selection,45
40,4100,13.6131126469709,14.77204829123295,10.51,Tournament selection,45
41,4200,13.160107523773828,14.780443835350242,10.5,Tournament selection,45
42,4300,13.160107523773828,14.790487735065511,10.2,Tournament selection,45
43,4400,13.1431676725155,14.650564458746429,10.41,Tournament selection,45
44,4500,13.1431676725155,14.570041169213594,10.81,Tournament selection,45
45,4600,13.133030277982336,14.490594670894277,10.87,Tournament selection,45
46,4700,13.133030277982336,14.27882027772181,11.04,Tournament selection,45
47,4800,13.133030277982336,14.3823560879302,10.99,Tournament selection,45
48,4900,13.133030277982336,14.336444558664832,11.61,Tournament selection,45
49,5000,13.133030277982336,14.541211343652927,10.63,Tournament selection,45
50,5100,13.133030277982336,14.590572992699688,10.62,Tournament selection,45
51,5200,13.133030277982336,14.511073840771337,11.26,Tournament selection,45
52,5300,13.133030277982336,14.471695702654774,11.04,Tournament selection,45
53,5400,13.133030277982336,14.439813826966391,11.0,Tournament selection,45
54,5500,13.133030277982336,14.55108711525502,11.2,Tournament selection,45
55,5600,13.11245154965971,14.550101257995909,11.58,Tournament selection,45
56,5700,13.11245154965971,14.455123788918945,10.9,Tournament selection,45
57,5800,13.11245154965971,14.458198902079673,10.94,Tournament selection,45
58,5900,13.11245154965971,14.47926469267561,11.33,Tournament selection,45
59,6000,13.11245154965971,14.476119817846891,11.3,Tournament selection,45
60,6100,13.11245154965971,14.559398348956684,10.86,Tournament selection,45
61,6200,13.11245154965971,14.496237665832751,11.4,Tournament selection,45
62,6300,13.11245154965971,14.560135258404712,11.4,Tournament selection,45
63,6400,13.11245154965971,14.490408564769446,11.54,Tournament selection,45
64,6500,13.11245154965971,14.55157139881408,11.14,Tournament selection,45
65,6600,12.929705854077836,14.48092391858581,11.19,Tournament selection,45
66,6700,12.929705854077836,14.40138627012972,10.94,Tournament selection,45
67,6800,12.929705854077836,14.50242275600718,11.18,Tournament selection,45
68,6900,12.929705854077836,14.500547781473063,11.57,Tournament selection,45
69,7000,12.929705854077836,14.503049536956643,11.66,Tournament selection,45
70,7100,12.929705854077836,14.357092701711156,11.59,Tournament selection,45
71,7200,12.929705854077836,14.462685064466523,10.73,Tournament selection,45
72,7300,12.929705854077836,14.53422308624834,11.09,Tournament selection,45
73,7400,12.929705854077836,14.455766130009046,11.51,Tournament selection,45
74,7500,12.929705854077836,14.395393917430551,11.84,Tournament selection,45
75,7600,12.929705854077836,14.22776054850526,12.37,Tournament selection,45
76,7700,12.929705854077836,14.305564496579288,11.81,Tournament selection,45
77,7800,12.929705854077836,14.400790241659696,11.97,Tournament selection,45
78,7900,12.929705854077836,14.364456325193608,11.74,Tournament selection,45
79,8000,12.868438714135811,14.375144433639866,11.64,Tournament selection,45
80,8100,12.803329637837292,14.359191320928332,12.03,Tournament selection,45
81,8200,12.803329637837292,14.209915487262933,12.23,Tournament selection,45
82,8300,12.769693845669908,14.269139316662883,12.18,Tournament selection,45
83,8400,12.769693845669908,14.170071623517726,12.03,Tournament selection,45
84,8500,12.769693845669908,14.469837378820866,11.89,Tournament selection,45
85,8600,12.769693845669908,14.539435898787286,11.14,Tournament selection,45
86,8700,12.769693845669908,14.456249402433606,11.65,Tournament selection,45
87,8800,12.769693845669908,14.47549268135872,11.81,Tournament selection,45
88,8900,12.769693845669908,14.454545246308792,11.96,Tournament selection,45
89,9000,12.50830459735946,14.446982138870974,12.0,Tournament selection,45
90,9100,12.50830459735946,14.084321515336454,12.1,Tournament selection,45
91,9200,12.50830459735946,14.147923686787612,11.79,Tournament selection,45
92,9300,12.50830459735946,14.16838341960076,11.84,Tournament selection,45
93,9400,12.50830459735946,14.050063942593331,11.49,Tournament selection,45
94,9500,12.50830459735946,14.225514418943089,12.03,Tournament selection,45
95,9600,12.50830459735946,14.246485593163236,11.57,Tournament selection,45
96,9700,12.50830459735946,14.294455332293635,11.91,Tournament selection,45
97,9800,12.50830459735946,14.16284307214682,12.09,Tournament selection,45
98,9900,12.50830459735946,13.968707671906849,11.84,Tournament selection,45
99,10000,12.449137674618944,13.94896356764443,12.25,Tournament selection,45
100,10100,12.380624847486567,13.859160878520395,12.43,Tournament selection,45
1,200,14.923538406167134,18.60480028743437,17.71,Tournament selection,46
2,300,14.430950643030007,16.731303631012725,13.35,Tournament selection,46
3,400,13.95472369909914,16.021871382938954,11.96,Tournament selection,46
4,500,13.94928556845359,15.45630786775956,12.48,Tournament selection,46
5,600,13.94928556845359,15.35248940859081,12.47,Tournament selection,46
6,700,13.94928556845359,15.272509468208275,11.98,Tournament selection,46
7,800,13.927566688249708,15.182267429465712,12.16,Tournament selection,46
8,900,13.73072757526625,15.09942053818244,12.27,Tournament selection,46
9,1000,13.68679622641132,15.252225493069409,11.97,Tournament selection,46
10,1100,13.663818169698589,15.19451150550307,11.99,Tournament selection,46
11,1200,13.4,14.987697871833662,11.92,Tournament selection,46
12,1300,13.4,15.116019636552467,11.57,Tournament selection,46
13,1400,13.378232998312528,15.208678046833445,11.29,Tournament selection,46
14,1500,13.18309518948453,15.068177369452783,11.53,Tournament selection,46
15,1600,13.18309518948453,14.756465931314915,12.2,Tournament selection,46
16,1700,12.98309518948453,14.791782340112666,12.61,Tournament selection,46
17,1800,12.98309518948453,14.980134614102855,12.84,Tournament selection,46
18,1900,12.98309518948453,14.732556672696962,12.5,Tournament selection,46
19,2000,12.98309518948453,14.640683542498545,12.82,Tournament selection,46
20,2100,12.98309518948453,14.59542885589245,12.76,Tournament selection,46
21,2200,12.98309518948453,14.685614899281958,12.65,Tournament selection,46
22,2300,12.98309518948453,14.779124721350035,12.27,Tournament selection,46
23,2400,12.98309518948453,14.782613946168876,12.83,Tournament selection,46
24,2500,12.98309518948453,14.851711121656024,12.05,Tournament selection,46
25,2600,12.98309518948453,14.684478563567424,12.61,Tournament selection,46
26,2700,12.98309518948453,14.907508298897053,11.98,Tournament selection,46
27,2800,12.98309518948453,14.745241118940507,12.04,Tournament selection,46
28,2900,12.98309518948453,14.852276367319783,12.2,Tournament selection,46
29,3000,12.978232998312528,14.643117257446612,12.63,Tournament selection,46
30,3100,12.978232998312528,14.654830107987516,12.28,Tournament selection,46
31,3200,12.978232998312528,14.629205947611595,12.38,Tournament selection,46
32,3300,12.978232998312528,14.58368892804427,12.79,Tournament selection,46
33,3400,12.978232998312528,14.70697913052168,12.49,Tournament selection,46
34,3500,12.978232998312528,14.542189087539272,12.6,Tournament selection,46
35,3600,12.978232998312528,14.763342151365087,12.46,Tournament selection,46
36,3700,12.889897948556635,14.795892270020174,12.51,Tournament selection,46
37,3800,12.889897948556635,14.86046277441867,11.92,Tournament selection,46
38,3900,12.889897948556635,14.758952211526651,12.22,Tournament selection,46
39,4000,12.889897948556635,14.730268584051894,11.8,Tournament selection,46
40,4100,12.889897948556635,14.967148523720352,11.65,Tournament selection,46
41,4200,12.889897948556635,14.62723188979266,11.87,Tournament selection,46
42,4300,12.889897948556635,14.58333860636746,12.5,Tournament selection,46
43,4400,12.889897948556635,14.698864985539212,12.35,Tournament selection,46
44,4500,12.889897948556635,14.702028102599284,12.64,Tournament selection,46
45,4600,12.889897948556635,14.843435803714987,12.42,Tournament selection,46
46,4700,12.889897948556635,14.672082960953228,12.31,Tournament selection,46
47,4800,12.889897948556635,14.94031962826218,12.8,Tournament selection,46
48,4900,12.889897948556635,14.722308024599467,12.41,Tournament selection,46
49,5000,12.889897948556635,14.563754683041823,12.38,Tournament selection,46
50,5100,12.889897948556635,14.86582216767167,12.2,Tournament selection,46
51,5200,12.889897948556635,14.763432562386551,12.0,Tournament selection,46
52,5300,12.889897948556635,14.781597045436094,12.01,Tournament selection,46
53,5400,12.889897948556635,14.617737223100766,12.35,Tournament selection,46
54,5500,12.889897948556635,14.653923417204153,11.69,Tournament selection,46
55,5600,12.889897948556635,14.543783114534646,12.56,Tournament selection,46
56,5700,12.889897948556635,14.442580333511588,12.72,Tournament selection,46
57,5800,12.889897948556635,14.466092349496089,12.63,Tournament selection,46
58,5900,12.889897948556635,14.513712861280528,12.82,Tournament selection,46
59,6000,12.889897948556635,14.542375489620436,12.25,Tournament selection,46
60,6100,12.889897948556635,14.623903110106792,12.62,Tournament selection,46
61,6200,12.889897948556635,14.59064419204903,13.21,Tournament selection,46
62,6300,12.889897948556635,14.779321606494216,12.17,Tournament selection,46
63,6400,12.889897948556635,14.686146078940563,12.7,Tournament selection,46
64,6500,12.889897948556635,14.651572882062585,12.31,Tournament selection,46
65,6600,12.889897948556635,14.789039075861297,12.1,Tournament selection,46
66,6700,12.889897948556635,14.8102615644041,11.91,Tournament selection,46
67,6800,12.889897948556635,14.618916517422887,12.57,Tournament selection,46
68,6900,12.889897948556635,14.692469518209204,12.42,Tournament selection,46
69,7000,12.889897948556635,14.649416395982152,12.0,Tournament selection,46
70,7100,12.889897948556635,14.676867322830477,12.71,Tournament selection,46
71,7200,12.889897948556635,14.822938421752603,12.81,Tournament selection,46
72,7300,12.889897948556635,14.758547527567606,12.96,Tournament selection,46
73,7400,12.889897948556635,14.975864941246108,11.66,Tournament selection,46
74,7500,12.889897948556635,14.795642319469096,11.98,Tournament selection,46
75,7600,12.889897948556635,14.668547795392646,12.26,Tournament selection,46
76,7700,12.889897948556635,14.58426462269656,12.46,Tournament selection,46
77,7800,12.889897948556635,14.605621957958713,12.64,Tournament selection,46
78,7900,12.544948974278318,14.518121096399929,12.55,Tournament selection,46
79,8000,12.544948974278318,14.602473461930558,12.31,Tournament selection,46
80,8100,12.544948974278318,14.651138806034346,12.12,Tournament selection,46
81,8200,12.544948974278318,14.641653766267757,11.86,Tournament selection,46
82,8300,12.544948974278318,14.494803128963856,12.33,Tournament selection,46
83,8400,12.544948974278318,14.311504000899909,12.52,Tournament selection,46
84,8500,12.544948974278318,14.407849618739842,12.77,Tournament selection,46
85,8600,12.544948974278318,14.291344143085432,12.62,Tournament selection,46
86,8700,12.544948974278318,14.498861502102308,12.08,Tournament selection,46
87,8800,12.544948974278318,14.461665362253855,11.85,Tournament selection,46
88,8900,12.544948974278318,14.813922386103702,11.39,Tournament selection,46
89,9000,12.544948974278318,14.501331851673893,12.01,Tournament selection,46
90,9100,12.544948974278318,14.412050444546528,12.65,Tournament selection,46
91,9200,12.544948974278318,14.445131617396664,12.23,Tournament selection,46
92,9300,12.544948974278318,14.373426382890978,12.41,Tournament selection,46
93,9400,12.544948974278318,14.542072489383258,11.63,Tournament selection,46
94,9500,12.544948974278318,14.391855312579164,11.83,Tournament selection,46
95,9600,12.544948974278318,14.40158878890344,12.06,Tournament selection,46
96,9700,12.544948974278318,14.57144991504464,12.43,Tournament selection,46
97,9800,12.544948974278318,14.646010967018803,12.19,Tournament selection,46
98,9900,12.544948974278318,14.492377069568269,12.26,Tournament selection,46
99,10000,12.544948974278318,14.246622203404398,12.57,Tournament selection,46
100,10100,12.544948974278318,14.488297364356368,11.86,Tournament selection,46
1,200,15.476819745345026,19.77030840521481,18.02,Roulette-wheel selection,42
2,300,14.780350850198277,18.028495560553143,12.73,Roulette-wheel selection,42
3,400,14.780350850198277,17.741800293297175,9.56,Roulette-wheel selection,42
4,500,14.307878402833891,17.032724557660604,9.18,Roulette-wheel selection,42
5,600,14.232050807568877,16.515902886853226,9.36,Roulette-wheel selection,42
6,700,14.232050807568877,16.423569255123386,8.77,Roulette-wheel selection,42
7,800,13.992838827718412,16.135673843117807,9.82,Roulette-wheel selection,42
8,900,13.992838827718412,16.167492434982332,9.25,Roulette-wheel selection,42
9,1000,13.992838827718412,16.301287102003997,8.98,Roulette-wheel selection,42
10,1100,13.992838827718412,16.1009213746288,9.14,Roulette-wheel selection,42
11,1200,13.992838827718412,15.833412831057563,9.53,Roulette-wheel selection,42
12,1300,13.992838827718412,16.032111360608525,9.69,Roulette-wheel selection,42
13,1400,13.992838827718412,16.089560104202498,9.03,Roulette-wheel selection,42
14,1500,13.992838827718412,15.948538291865972,9.27,Roulette-wheel selection,42
15,1600,13.992838827718412,15.767320142766982,9.34,Roulette-wheel selection,42
16,1700,13.992838827718412,15.815183678489928,9.93,Roulette-wheel selection,42
17,1800,13.992838827718412,15.909774078416993,9.41,Roulette-wheel selection,42
18,1900,13.992838827718412,15.7928740106011,9.69,Roulette-wheel selection,42
19,2000,13.992838827718412,15.845913356773895,9.35,Roulette-wheel selection,42
20,2100,13.992838827718412,15.997045030166134,9.5,Roulette-wheel selection,42
21,2200,13.992838827718412,15.944174605553307,8.7,Roulette-wheel selection,42
22,2300,13.992838827718412,16.1144744446048,8.29,Roulette-wheel selection,42
23,2400,13.992838827718412,15.99043834113712,9.13,Roulette-wheel selection,42
24,2500,13.992838827718412,15.974041885582103,9.49,Roulette-wheel selection,42
25,2600,13.9,15.999747824525432,10.09,Roulette-wheel selection,42
26,2700,13.9,15.996144152166789,10.83,Roulette-wheel selection,42
27,2800,13.9,16.057849827669965,10.16,Roulette-wheel selection,42
28,2900,13.9,15.928123436652276,10.18,Roulette-wheel selection,42
29,3000,13.70332963783729,15.937846987564887,9.76,Roulette-wheel selection,42
30,3100,13.70332963783729,15.985245553072254,9.16,Roulette-wheel selection,42
31,3200,13.70332963783729,15.960657305921629,10.11,Roulette-wheel selection,42
32,3300,13.70332963783729,15.84306643730851,10.31,Roulette-wheel selection,42
33,3400,13.70332963783729,16.02019507253963,10.37,Roulette-wheel selection,42
34,3500,13.70332963783729,15.932521020911931,10.9,Roulette-wheel selection,42
35,3600,13.70332963783729,15.989096357194798,9.8,Roulette-wheel selection,42
36,3700,13.70332963783729,16.11951127870023,8.93,Roulette-wheel selection,42
37,3800,13.70332963783729,15.703133273039976,10.13,Roulette-wheel selection,42
38,3900,13.70332963783729,15.80283278477158,9.58,Roulette-wheel selection,42
39,4000,13.70332963783729,15.832190837959647,8.99,Roulette-wheel selection,42
40,4100,13.70332963783729,15.866993596095051,9.07,Roulette-wheel selection,42
41,4200,13.70332963783729,15.840535299182154,9.48,Roulette-wheel selection,42
42,4300,13.52664991614216,15.779525512211194,9.91,Roulette-wheel selection,42
43,4400,13.50830459735946,15.782606933820889,9.81,Roulette-wheel selection,42
44,4500,13.50830459735946,15.7436126240698,9.79,Roulette-wheel selection,42
45,4600,13.50830459735946,15.867095082067422,10.07,Roulette-wheel selection,42
46,4700,13.50830459735946,15.94811034797251,10.53,Roulette-wheel selection,42
47,4800,13.50830459735946,15.805306608549976,10.32,Roulette-wheel selection,42
48,4900,13.50830459735946,15.710835906128487,10.58,Roulette-wheel selection,42
49,5000,13.50830459735946,15.759747051443789,11.52,Roulette-wheel selection,42
50,5100,13.50830459735946,15.676731393362427,11.98,Roulette-wheel selection,42
51,5200,13.50830459735946,15.90398752044676,10.83,Roulette-wheel selection,42
52,5300,13.50830459735946,15.836454809296646,11.13,Roulette-wheel selection,42
53,5400,13.460232526704262,15.734060717263114,11.77,Roulette-wheel selection,42
54,5500,13.460232526704262,15.67983313431048,10.8,Roulette-wheel selection,42
55,5600,13.460232526704262,15.626405412130524,11.14,Roulette-wheel selection,42
56,5700,13.460232526704262,15.804082868341386,10.15,Roulette-wheel selection,42
57,5800,13.460232526704262,15.967441047639433,10.27,Roulette-wheel selection,42
58,5900,13.460232526704262,15.914370337989023,10.1,Roulette-wheel selection,42
59,6000,13.460232526704262,15.682280356994127,10.68,Roulette-wheel selection,42
60,6100,13.460232526704262,15.662661074104603,10.31,Roulette-wheel selection,42
61,6200,13.460232526704262,15.751872315508372,10.25,Roulette-wheel selection,42
62,6300,13.460232526704262,15.57753486489659,11.71,Roulette-wheel selection,42
63,6400,13.460232526704262,15.790902432059168,10.99,Roulette-wheel selection,42
64,6500,13.460232526704262,15.829515458546014,10.49,Roulette-wheel selection,42
65,6600,13.460232526704262,16.03841087566879,9.73,Roulette-wheel selection,42
66,6700,13.460232526704262,16.142437894368282,9.14,Roulette-wheel selection,42
67,6800,13.460232526704262,15.860743539698785,9.1,Roulette-wheel selection,42
68,6900,13.460232526704262,15.747824289407546,9.21,Roulette-wheel selection,42
69,7000,13.460232526704262,15.922903346744166,9.28,Roulette-wheel selection,42
70,7100,13.460232526704262,15.86818703819748,10.25,Roulette-wheel selection,42
71,7200,13.460232526704262,15.719284684968365,10.84,Roulette-wheel selection,42
72,7300,13.460232526704262,15.794083975587204,10.27,Roulette-wheel selection,42
73,7400,13.460232526704262,16.153889944208302,8.7,Roulette-wheel selection,42
74,7500,13.322497216032184,15.792215114951366,10.36,Roulette-wheel selection,42
75,7600,13.322497216032184,15.636639793761091,10.96,Roulette-wheel selection,42
76,7700,13.322497216032184,15.783592274976648,10.93,Roulette-wheel selection,42
77,7800,13.322497216032184,15.950230536988393,11.5,Roulette-wheel selection,42
78,7900,13.322497216032184,15.872377467974472,11.38,Roulette-wheel selection,42
79,8000,13.322497216032184,15.746889560598332,10.2,Roulette-wheel selection,42
80,8100,13.322497216032184,15.42953532346182,10.96,Roulette-wheel selection,42
81,8200,13.322497216032184,15.850500775580036,10.53,Roulette-wheel selection,42
82,8300,13.322497216032184,15.82357526145906,10.3,Roulette-wheel selection,42
83,8400,13.322497216032184,15.953573255018648,10.15,Roulette-wheel selection,42
84,8500,13.322497216032184,16.09994614821106,8.65,Roulette-wheel selection,42
85,8600,13.322497216032184,15.962337532717632,9.39,Roulette-wheel selection,42
86,8700,13.322497216032184,15.957052712821383,8.97,Roulette-wheel selection,42
87,8800,13.322497216032184,16.177291954262397,8.54,Roulette-wheel selection,42
88,8900,13.2770329614269,16.159073817077726,8.91,Roulette-wheel selection,42
89,9000,13.2770329614269,16.10820576308527,9.55,Roulette-wheel selection,42
90,9100,13.2770329614269,15.808389609427609,9.86,Roulette-wheel selection,42
91,9200,13.2770329614269,15.786094912053564,9.68,Roulette-wheel selection,42
92,9300,13.2770329614269,15.75759397694778,10.19,Roulette-wheel selection,42
93,9400,13.2770329614269,15.625524598643873,11.12,Roulette-wheel selection,42
94,9500,13.2770329614269,15.528358680905583,11.82,Roulette-wheel selection,42
95,9600,13.2770329614269,15.76214530103258,10.96,Roulette-wheel selection,42
96,9700,13.2770329614269,15.684906014058935,10.36,Roulette-wheel selection,42
97,9800,13.2770329614269,15.738088726502196,10.33,Roulette-wheel selection,42
98,9900,13.2770329614269,15.618195680404272,11.0,Roulette-wheel selection,42
99,10000,13.2770329614269,15.63008531512418,10.76,Roulette-wheel selection,42
100,10100,13.2770329614269,15.543678903483103,11.32,Roulette-wheel selection,42
1,200,16.142787793912433,19.271346865224963,17.85,Roulette-wheel selection,43
2,300,15.714674215792776,18.257546208176343,15.77,Roulette-wheel selection,43
3,400,15.643835071544512,17.777152061002283,14.99,Roulette-wheel selection,43
4,500,15.496807426326953,17.254943982162946,13.64,Roulette-wheel selection,43
5,600,15.01657508881031,16.802045218749797,11.58,Roulette-wheel selection,43
6,700,14.764911064067352,16.559910495810048,9.73,Roulette-wheel selection,43
7,800,14.75277655408689,16.540007803208823,7.87,Roulette-wheel selection,43
8,900,14.487475490101849,16.401814155439762,8.57,Roulette-wheel selection,43
9,1000,14.48328677803526,16.196206331751878,9.27,Roulette-wheel selection,43
10,1100,14.48328677803526,16.162330369608547,9.36,Roulette-wheel selection,43
11,1200,14.48328677803526,16.384602935672113,7.94,Roulette-wheel selection,43
12,1300,14.48328677803526,16.508625316269246,7.66,Roulette-wheel selection,43
13,1400,14.48328677803526,16.245435797852167,8.62,Roulette-wheel selection,43
14,1500,14.48328677803526,16.12798472447722,8.47,Roulette-wheel selection,43
15,1600,14.48328677803526,16.240654744915734,8.33,Roulette-wheel selection,43
16,1700,14.48328677803526,16.30491503550506,8.76,Roulette-wheel selection,43
17,1800,14.48328677803526,16.19409100985907,8.49,Roulette-wheel selection,43
18,1900,14.423243291566196,16.05414121427538,8.5,Roulette-wheel selection,43
19,2000,14.423243291566196,16.007080967016083,8.35,Roulette-wheel selection,43
20,2100,14.423243291566196,16.08128063666422,8.77,Roulette-wheel selection,43
21,2200,14.27571129984594,16.123077793006978,9.04,Roulette-wheel selection,43
22,2300,14.164582518894846,15.994537925651588,8.84,Roulette-wheel selection,43
23,2400,14.1591260281974,15.940397993158165,8.09,Roulette-wheel selection,43
24,2500,14.13901391331568,15.80034456221986,8.86,Roulette-wheel selection,43
25,2600,14.13901391331568,15.734054536778435,8.81,Roulette-wheel selection,43
26,2700,13.917800560721073,15.728997603737689,8.62,Roulette-wheel selection,43
27,2800,13.513552872566004,15.550449680839291,8.72,Roulette-wheel selection,43
28,2900,13.513552872566004,15.633217552473312,8.56,Roulette-wheel selection,43
29,3000,13.513552872566004,15.8164420736345,8.62,Roulette-wheel selection,43
30,3100,13.513552872566004,15.68832407269454,9.15,Roulette-wheel selection,43
31,3200,13.513552872566004,15.73404439602252,8.83,Roulette-wheel selection,43
32,3300,13.513552872566004,15.745293016294031,8.41,Roulette-wheel selection,43
33,3400,13.513552872566004,15.939326173989798,8.19,Roulette-wheel selection,43
34,3500,13.279795897113273,15.81732052354332,8.58,Roulette-wheel selection,43
35,3600,13.279795897113273,15.438280013986198,8.84,Roulette-wheel selection,43
36,3700,13.279795897113273,15.282779252908588,9.4,Roulette-wheel selection,43
37,3800,13.279795897113273,15.246267907763537,10.32,Roulette-wheel selection,43
38,3900,13.279795897113273,15.276098302245355,9.67,Roulette-wheel selection,43
39,4000,13.22736184954957,15.2476531021294,10.53,Roulette-wheel selection,43
40,4100,13.22736184954957,15.055877611164853,10.81,Roulette-wheel selection,43
41,4200,13.22736184954957,15.01318534945901,10.67,Roulette-wheel selection,43
42,4300,13.22736184954957,15.11761429126998,10.24,Roulette-wheel selection,43
43,4400,13.22736184954957,15.321492469773736,10.12,Roulette-wheel selection,43
44,4500,13.04833147735479,15.317396188916756,10.51,Roulette-wheel selection,43
45,4600,13.04833147735479,15.37191706102504,10.12,Roulette-wheel selection,43
46,4700,13.04833147735479,15.314744952383291,10.23,Roulette-wheel selection,43
47,4800,13.04833147735479,15.28062802564778,10.76,Roulette-wheel selection,43
48,4900,12.98309518948453,15.284033783281384,9.74,Roulette-wheel selection,43
49,5000,12.98309518948453,14.987275625460263,9.89,Roulette-wheel selection,43
50,5100,12.98309518948453,15.26209064677314,9.13,Roulette-wheel selection,43
51,5200,12.98309518948453,15.46562924997765,8.9,Roulette-wheel selection,43
52,5300,12.98309518948453,15.568413996767,9.21,Roulette-wheel selection,43
53,5400,12.98309518948453,15.711749097282798,9.48,Roulette-wheel selection,43
54,5500,12.98309518948453,15.652546960616414,9.61,Roulette-wheel selection,43
55,5600,12.98309518948453,15.61545999724219,9.64,Roulette-wheel selection,43
56,5700,12.98309518948453,15.622151318999132,9.18,Roulette-wheel selection,43
57,5800,12.98309518948453,15.630611124398042,8.85,Roulette-wheel selection,43
58,5900,12.98309518948453,15.72507512382074,8.79,Roulette-wheel selection,43
59,6000,12.98309518948453,15.584277724575427,8.78,Roulette-wheel selection,43
60,6100,12.98309518948453,15.449559266174228,9.81,Roulette-wheel selection,43
61,6200,12.98309518948453,15.422024852696868,10.12,Roulette-wheel selection,43
62,6300,12.98309518948453,15.42854972505293,10.31,Roulette-wheel selection,43
63,6400,12.98309518948453,15.311933486469655,10.48,Roulette-wheel selection,43
64,6500,12.98309518948453,15.46808907580405,9.87,Roulette-wheel selection,43
65,6600,12.98309518948453,15.400438710594448,9.59,Roulette-wheel selection,43
66,6700,12.978232998312528,15.308047230478133,9.39,Roulette-wheel selection,43
67,6800,12.978232998312528,15.356587678627886,10.11,Roulette-wheel selection,43
68,6900,12.978232998312528,15.15988916260523,10.1,Roulette-wheel selection,43
69,7000,12.978232998312528,15.44520327444784,10.73,Roulette-wheel selection,43
70,7100,12.978232998312528,14.996688809649228,10.77,Roulette-wheel selection,43
71,7200,12.978232998312528,15.215933597816816,10.35,Roulette-wheel selection,43
72,7300,12.978232998312528,15.267530659514344,11.18,Roulette-wheel selection,43
73,7400,12.80990195135928,15.236556431538638,10.86,Roulette-wheel selection,43
74,7500,12.80990195135928,15.132792500077205,11.09,Roulette-wheel selection,43
75,7600,12.80990195135928,15.07554547767896,10.96,Roulette-wheel selection,43
76,7700,12.80990195135928,15.09953803887766,11.28,Roulette-wheel selection,43
77,7800,12.80990195135928,15.128449140632554,10.89,Roulette-wheel selection,43
78,7900,12.80990195135928,15.10206818047242,10.13,Roulette-wheel selection,43
79,8000,12.80990195135928,15.100266432794744,10.4,Roulette-wheel selection,43
80,8100,12.80990195135928,15.35522149106785,9.97,Roulette-wheel selection,43
81,8200,12.80990195135928,15.14987552524003,10.16,Roulette-wheel selection,43
82,8300,12.80990195135928,15.140812274565729,10.91,Roulette-wheel selection,43
83,8400,12.80990195135928,15.206520046832914,10.38,Roulette-wheel selection,43
84,8500,12.80990195135928,15.112291097004643,10.82,Roulette-wheel selection,43
85,8600,12.80990195135928,14.945094300880156,10.59,Roulette-wheel selection,43
86,8700,12.8,15.080906997125371,10.69,Roulette-wheel selection,43
87,8800,12.8,15.090931403746827,10.85,Roulette-wheel selection,43
88,8900,12.8,15.171708274795597,11.05,Roulette-wheel selection,43
89,9000,12.8,15.153355112210242,11.1,Roulette-wheel selection,43
90,9100,12.8,15.263461606737248,10.58,Roulette-wheel selection,43
91,9200,12.8,15.075866119732956,10.76,Roulette-wheel selection,43
92,9300,12.8,14.956993110958,10.21,Roulette-wheel selection,43
93,9400,12.8,14.913259284872238,9.75,Roulette-wheel selection,43
94,9500,12.8,15.35354821807578,9.0,Roulette-wheel selection,43
95,9600,12.8,15.196011050363706,10.19,Roulette-wheel selection,43
96,9700,12.8,15.12586372829716,10.61,Roulette-wheel selection,43
97,9800,12.8,15.206190878600736,10.68,Roulette-wheel selection,43
98,9900,12.8,15.028474239187258,10.77,Roulette-wheel selection,43
99,10000,12.8,15.080669043334758,10.84,Roulette-wheel selection,43
100,10100,12.8,15.274608088758264,9.86,Roulette-wheel selection,43
1,200,15.5343879744639,19.43175267905424,17.98,Roulette-wheel selection,44
2,300,15.10665927567458,18.08298938524149,14.33,Roulette-wheel selection,44
3,400,15.10665927567458,17.129971141500064,11.86,Roulette-wheel selection,44
4,500,15.05329983228432,16.577010341584888,10.58,Roulette-wheel selection,44
5,600,14.845207879911715,16.448381375724136,9.78,Roulette-wheel selection,44
6,700,14.720897306865446,16.396988135002747,9.09,Roulette-wheel selection,44
7,800,14.435415650406265,16.352076181791016,8.55,Roulette-wheel selection,44
8,900,14.435415650406265,16.41460147262262,9.29,Roulette-wheel selection,44
9,1000,14.435415650406265,16.524287433340497,10.19,Roulette-wheel selection,44
10,1100,14.435415650406265,16.241436024921715,9.7,Roulette-wheel selection,44
11,1200,14.435415650406265,16.295678712973597,9.71,Roulette-wheel selection,44
12,1300,14.2540659228538,16.303918760235234,10.04,Roulette-wheel selection,44
13,1400,14.2540659228538,16.34213209351086,10.27,Roulette-wheel selection,44
14,1500,14.2540659228538,16.319406341128452,10.81,Roulette-wheel selection,44
15,1600,13.958703314492292,16.094689802207682,10.19,Roulette-wheel selection,44
16,1700,13.958703314492292,16.144014335374504,10.16,Roulette-wheel selection,44
17,1800,13.958703314492292,16.19964325136465,10.15,Roulette-wheel selection,44
18,1900,13.958703314492292,16.260520735952433,9.87,Roulette-wheel selection,44
19,2000,13.6131126469709,16.151654368563637,10.71,Roulette-wheel selection,44
20,2100,13.461324772583616,15.89615017855757,10.21,Roulette-wheel selection,44
21,2200,13.461324772583616,15.91929844157703,9.78,Roulette-wheel selection,44
22,2300,13.461324772583616,15.98720233047393,9.73,Roulette-wheel selection,44
23,2400,13.461324772583616,16.16210503889033,9.37,Roulette-wheel selection,44
24,2500,13.461324772583616,16.335552935003655,9.87,Roulette-wheel selection,44
25,2600,13.461324772583616,16.47839850215179,8.07,Roulette-wheel selection,44
26,2700,13.461324772583616,16.560357425756433,8.4,Roulette-wheel selection,44
27,2800,13.135270009440733,16.484614107782033,8.31,Roulette-wheel selection,44
28,2900,13.135270009440733,16.20456941512802,9.18,Roulette-wheel selection,44
29,3000,13.135270009440733,16.10346841144529,9.31,Roulette-wheel selection,44
30,3100,13.135270009440733,15.985868815168113,9.44,Roulette-wheel selection,44
31,3200,13.135270009440733,16.106057780039215,9.35,Roulette-wheel selection,44
32,3300,13.135270009440733,15.72966449688608,9.84,Roulette-wheel selection,44
33,3400,13.135270009440733,15.9134679723336,9.53,Roulette-wheel selection,44
34,3500,13.135270009440733,15.62768805500949,9.94,Roulette-wheel selection,44
35,3600,13.135270009440733,15.85182059649478,10.07,Roulette-wheel selection,44
36,3700,13.135270009440733,15.840965944979352,10.51,Roulette-wheel selection,44
37,3800,13.135270009440733,16.04523156652666,9.37,Roulette-wheel selection,44
38,3900,13.135270009440733,15.776283291752224,10.43,Roulette-wheel selection,44
39,4000,13.135270009440733,15.883574195035925,9.87,Roulette-wheel selection,44
40,4100,13.135270009440733,15.706334806214011,10.38,Roulette-wheel selection,44
41,4200,13.135270009440733,15.577823111408684,10.39,Roulette-wheel selection,44
42,4300,13.135270009440733,15.755892278218209,10.58,Roulette-wheel selection,44
43,4400,13.135270009440733,15.320793764275695,11.02,Roulette-wheel selection,44
44,4500,13.135270009440733,15.409926692728089,10.97,Roulette-wheel selection,44
45,4600,13.135270009440733,15.527535847461806,9.93,Roulette-wheel selection,44
46,4700,13.135270009440733,15.616868490910104,9.75,Roulette-wheel selection,44
47,4800,13.135270009440733,15.717341098831382,11.02,Roulette-wheel selection,44
48,4900,13.096662954709576,15.67253490554822,10.71,Roulette-wheel selection,44
49,5000,13.096662954709576,15.63119283863182,10.96,Roulette-wheel selection,44
50,5100,13.096662954709576,16.026193050368477,9.83,Roulette-wheel selection,44
51,5200,13.096662954709576,16.184324431359506,10.02,Roulette-wheel selection,44
52,5300,13.096662954709576,15.849938250343468,9.8,Roulette-wheel selection,44
53,5400,13.096662954709576,15.92521221971319,9.84,Roulette-wheel selection,44
54,5500,13.096662954709576,15.7660166944996,10.23,Roulette-wheel selection,44
55,5600,13.096662954709576,15.391745213243604,10.97,Roulette-wheel selection,44
56,5700,13.096662954709576,15.693510442849506,10.5,Roulette-wheel selection,44
57,5800,13.096662954709576,15.759910745718225,9.87,Roulette-wheel selection,44
58,5900,13.096662954709576,15.981617030073217,9.59,Roulette-wheel selection,44
59,6000,13.096662954709576,16.16090506340133,9.14,Roulette-wheel selection,44
60,6100,13.096662954709576,15.877693059850555,10.15,Roulette-wheel selection,44
61,6200,13.096662954709576,15.944447556614772,9.56,Roulette-wheel selection,44
62,6300,13.096662954709576,15.966682581850096,9.07,Roulette-wheel selection,44
63,6400,13.096662954709576,15.712311974921802,9.01,Roulette-wheel selection,44
64,6500,13.096662954709576,15.55220899105829,9.45,Roulette-wheel selection,44
65,6600,13.096662954709576,15.479238860762626,10.34,Roulette-wheel selection,44
66,6700,13.096662954709576,15.350163286887671,10.71,Roulette-wheel selection,44
67,6800,13.096662954709576,15.707312383737394,10.18,Roulette-wheel selection,44
68,6900,13.096662954709576,15.921838992851226,10.18,Roulette-wheel selection,44
69,7000,13.096662954709576,15.992765349201614,10.07,Roulette-wheel selection,44
70,7100,13.096662954709576,15.931754560156868,9.38,Roulette-wheel selection,44
71,7200,13.096662954709576,16.04352201145617,9.49,Roulette-wheel selection,44
72,7300,13.081138830084187,15.950272904616572,9.38,Roulette-wheel selection,44
73,7400,13.081138830084187,15.953217866862134,8.88,Roulette-wheel selection,44
74,7500,13.081138830084187,15.986227853265932,8.43,Roulette-wheel selection,44
75,7600,13.081138830084187,15.755961345962328,9.12,Roulette-wheel selection,44
76,7700,13.081138830084187,15.55578351733734,9.81,Roulette-wheel selection,44
77,7800,13.081138830084187,15.718482222793526,9.47,Roulette-wheel selection,44
78,7900,13.081138830084187,15.997059400349086,9.25,Roulette-wheel selection,44
79,8000,13.081138830084187,15.866828447960511,9.21,Roulette-wheel selection,44
80,8100,13.081138830084187,15.704000982351916,9.09,Roulette-wheel selection,44
81,8200,13.081138830084187,15.89531652853446,9.05,Roulette-wheel selection,44
82,8300,13.081138830084187,16.127276290907858,7.97,Roulette-wheel selection,44
83,8400,13.081138830084187,15.965429761754756,8.54,Roulette-wheel selection,44
84,8500,13.081138830084187,15.650337286948004,9.64,Roulette-wheel selection,44
85,8600,13.081138830084187,15.667532256442405,9.39,Roulette-wheel selection,44
86,8700,13.081138830084187,15.468986623561577,9.91,Roulette-wheel selection,44
87,8800,13.081138830084187,15.385622884285524,10.42,Roulette-wheel selection,44
88,8900,13.081138830084187,15.56117108217693,10.29,Roulette-wheel selection,44
89,9000,13.081138830084187,15.769786438216173,10.42,Roulette-wheel selection,44
90,9100,13.081138830084187,15.387098083503158,10.78,Roulette-wheel selection,44
91,9200,13.081138830084187,15.79919625172007,9.92,Roulette-wheel selection,44
92,9300,13.081138830084187,15.96628577646889,9.69,Roulette-wheel selection,44
93,9400,13.081138830084187,16.092530779619857,8.75,Roulette-wheel selection,44
94,9500,13.081138830084187,16.18305682116314,7.89,Roulette-wheel selection,44
95,9600,13.081138830084187,16.017220578084572,8.51,Roulette-wheel selection,44
96,9700,13.081138830084187,15.938512182849948,8.87,Roulette-wheel selection,44
97,9800,13.081138830084187,15.646443858987158,9.69,Roulette-wheel selection,44
98,9900,13.081138830084187,15.660127600194448,10.24,Roulette-wheel selection,44
99,10000,13.081138830084187,15.668212359912989,10.28,Roulette-wheel selection,44
100,10100,13.081138830084187,16.149402928088193,9.01,Roulette-wheel selection,44
1,200,16.251803788283283,19.36820305727286,18.0,Roulette-wheel selection,45
2,300,15.955133376499417,18.134145065562056,14.21,Roulette-wheel selection,45
3,400,15.714674215792776,17.05594764090548,9.96,Roulette-wheel selection,45
4,500,15.461455150532505,16.788771952472427,8.07,Roulette-wheel selection,45
5,600,15.05796522451032,16.726316182579154,7.45,Roulette-wheel selection,45
6,700,15.05796522451032,16.619512759322607,7.7,Roulette-wheel selection,45
7,800,14.957342370508885,16.402926007851462,7.67,Roulette-wheel selection,45
8,900,14.957342370508885,16.3717538041178,7.88,Roulette-wheel selection,45
9,1000,14.44948974278318,16.390576681287914,7.85,Roulette-wheel selection,45
10,1100,14.44948974278318,16.39020451024005,8.46,Roulette-wheel selection,45
11,1200,14.44948974278318,16.202219222835897,9.02,Roulette-wheel selection,45
12,1300,14.44948974278318,16.287177231355233,9.03,Roulette-wheel selection,45
13,1400,14.38208554864871,16.232722969777996,8.65,Roulette-wheel selection,45
14,1500,14.270540018881466,16.19124112814884,8.68,Roulette-wheel selection,45
15,1600,14.270540018881466,15.9887660281492,9.74,Roulette-wheel selection,45
16,1700,14.270540018881466,15.979716357092554,9.19,Roulette-wheel selection,45
17,1800,14.146536616149586,16.019653228835843,8.91,Roulette-wheel selection,45
18,1900,14.146536616149586,16.30396841823326,8.31,Roulette-wheel selection,45
19,2000,14.146536616149586,16.301228648359682,8.15,Roulette-wheel selection,45
20,2100,14.146536616149586,16.081882335095422,8.38,Roulette-wheel selection,45
21,2200,13.95306852353742,15.975761962870957,8.34,Roulette-wheel selection,45
22,2300,13.617935662402834,15.69635479821918,8.48,Roulette-wheel selection,45
23,2400,13.617935662402834,15.428236816730449,9.24,Roulette-wheel selection,45
24,2500,13.617935662402834,15.532177693297497,8.81,Roulette-wheel selection,45
25,2600,13.617935662402834,15.722081676044604,8.82,Roulette-wheel selection,45
26,2700,13.617935662402834,15.67800186795535,9.02,Roulette-wheel selection,45
27,2800,13.617935662402834,15.854501520028096,8.6,Roulette-wheel selection,45
28,2900,13.617935662402834,15.714443461147654,8.53,Roulette-wheel selection,45
29,3000,13.617935662402834,15.490237533975096,9.01,Roulette-wheel selection,45
30,3100,13.617935662402834,15.491669259594312,9.06,Roulette-wheel selection,45
31,3200,13.617935662402834,15.615476616874703,8.8,Roulette-wheel selection,45
32,3300,13.377902338672774,15.469453853033446,9.13,Roulette-wheel selection,45
33,3400,13.377902338672774,15.547785577453936,8.79,Roulette-wheel selection,45
34,3500,13.377902338672774,15.417241414134017,9.2,Roulette-wheel selection,45
35,3600,13.377902338672774,15.491904402226163,8.68,Roulette-wheel selection,45
36,3700,13.377902338672774,15.8887846907931,8.24,Roulette-wheel selection,45
37,3800,13.377902338672774,16.156002082005735,8.19,Roulette-wheel selection,45
38,3900,13.377902338672774,15.987973074615187,7.98,Roulette-wheel selection,45
39,4000,13.377902338672774,15.757258296937437,8.53,Roulette-wheel selection,45
40,4100,13.377902338672774,15.573192709698956,8.7,Roulette-wheel selection,45
41,4200,13.377902338672774,15.293220484817653,9.42,Roulette-wheel selection,45
42,4300,13.377902338672774,15.402016976995595,9.51,Roulette-wheel selection,45
43,4400,13.377902338672774,15.380434115370251,9.69,Roulette-wheel selection,45
44,4500,13.377902338672774,15.469092246491138,9.88,Roulette-wheel selection,45
45,4600,13.183266665599966,15.32719195310899,9.41,Roulette-wheel selection,45
46,4700,13.183266665599966,15.575268487341337,9.27,Roulette-wheel selection,45
47,4800,13.183266665599966,15.58822130257047,9.4,Roulette-wheel selection,45
48,4900,13.183266665599966,15.424025156891616,9.77,Roulette-wheel selection,45
49,5000,13.183266665599966,15.42014316345638,9.68,Roulette-wheel selection,45
50,5100,13.183266665599966,15.580613787612297,9.53,Roulette-wheel selection,45
51,5200,13.183266665599966,15.58682566026657,8.86,Roulette-wheel selection,45
52,5300,13.183266665599966,15.490400004369452,9.34,Roulette-wheel selection,45
53,5400,13.183266665599966,15.33850212146544,10.27,Roulette-wheel selection,45
54,5500,13.183266665599966,15.358615510422355,10.47,Roulette-wheel selection,45
55,5600,13.183266665599966,15.237419998574492,10.37,Roulette-wheel selection,45
56,5700,13.183266665599966,15.086132451754372,10.25,Roulette-wheel selection,45
57,5800,13.183266665599966,15.33356304102356,10.18,Roulette-wheel selection,45
58,5900,13.183266665599966,15.276625359698372,9.77,Roulette-wheel selection,45
59,6000,13.183266665599966,15.398199633805689,9.25,Roulette-wheel selection,45
60,6100,13.183266665599966,15.268598750744818,9.59,Roulette-wheel selection,45
61,6200,13.183266665599966,15.359154939049958,9.86,Roulette-wheel selection,45
62,6300,13.183266665599966,15.284476105490723,10.06,Roulette-wheel selection,45
63,6400,13.183266665599966,15.357804602779238,10.04,Roulette-wheel selection,45
64,6500,13.183266665599966,15.49773936802682,9.86,Roulette-wheel selection,45
65,6600,13.183266665599966,15.51284568610521,9.69,Roulette-wheel selection,45
66,6700,13.183266665599966,15.36886892961721,9.71,Roulette-wheel selection,45
67,6800,13.183266665599966,15.702043688852443,9.3,Roulette-wheel selection,45
68,6900,13.183266665599966,15.71180455932098,9.04,Roulette-wheel selection,45
69,7000,13.183266665599966,15.70486288496097,9.59,Roulette-wheel selection,45
70,7100,13.183266665599966,15.285642829652398,9.82,Roulette-wheel selection,45
71,7200,13.183266665599966,15.121468951650913,10.16,Roulette-wheel selection,45
72,7300,13.183266665599966,15.191229653093432,10.17,Roulette-wheel selection,45
73,7400,13.183266665599966,15.237457055020094,9.9,Roulette-wheel selection,45
74,7500,13.183266665599966,15.299267576164972,9.9,Roulette-wheel selection,45
75,7600,13.183266665599966,15.76534746681496,8.17,Roulette-wheel selection,45
76,7700,13.183266665599966,15.614967463138647,8.59,Roulette-wheel selection,45
77,7800,13.183266665599966,15.805022635125033,8.32,Roulette-wheel selection,45
78,7900,13.183266665599966,15.846038831041374,8.6,Roulette-wheel selection,45
79,8000,13.183266665599966,15.800171053781533,8.03,Roulette-wheel selection,45
80,8100,13.183266665599966,15.555821695322855,8.28,Roulette-wheel selection,45
81,8200,13.183266665599966,15.29881086483928,9.22,Roulette-wheel selection,45
82,8300,13.183266665599966,15.319205854387768,9.66,Roulette-wheel selection,45
83,8400,13.073644135332772,15.219857378528664,9.91,Roulette-wheel selection,45
84,8500,13.073644135332772,15.408755384061203,9.89,Roulette-wheel selection,45
85,8600,13.015167380558044,15.17988517431099,9.99,Roulette-wheel selection,45
86,8700,13.015167380558044,15.374427363607404,9.49,Roulette-wheel selection,45
87,8800,13.015167380558044,15.311094465675108,9.63,Roulette-wheel selection,45
88,8900,13.015167380558044,15.131339479319172,10.18,Roulette-wheel selection,45
89,9000,13.015167380558044,15.338313384103117,10.52,Roulette-wheel selection,45
90,9100,13.015167380558044,15.512348820474324,10.15,Roulette-wheel selection,45
91,9200,13.015167380558044,15.375024402795578,9.05,Roulette-wheel selection,45
92,9300,13.015167380558044,15.536042891014231,9.22,Roulette-wheel selection,45
93,9400,13.015167380558044,15.602753215905953,9.2,Roulette-wheel selection,45
94,9500,13.015167380558044,15.62986321721964,9.53,Roulette-wheel selection,45
95,9600,13.015167380558044,15.680510624654907,9.06,Roulette-wheel selection,45
96,9700,13.015167380558044,15.609877575041796,8.65,Roulette-wheel selection,45
97,9800,13.015167380558044,15.533395188845102,8.79,Roulette-wheel selection,45
98,9900,13.015167380558044,15.376255178344746,9.16,Roulette-wheel selection,45
99,10000,13.015167380558044,15.39524705280635,9.01,Roulette-wheel selection,45
100,10100,13.015167380558044,15.24797425722334,9.0,Roulette-wheel selection,45
1,200,15.457066051117286,19.016800406323437,17.66,Roulette-wheel selection,46
2,300,15.140175425099136,17.380308909110436,13.01,Roulette-wheel selection,46
3,400,14.619803902718555,16.844719204477272,11.11,Roulette-wheel selection,46
4,500,14.619803902718555,16.579791622431657,10.55,Roulette-wheel selection,46
5,600,14.619803902718555,16.515518497953437,10.44,Roulette-wheel selection,46
6,700,14.619803902718555,16.445608817048853,9.55,Roulette-wheel selection,46
7,800,14.619803902718555,16.322687642763682,9.34,Roulette-wheel selection,46
8,900,14.619803902718555,16.33393391440403,9.44,Roulette-wheel selection,46
9,1000,14.619803902718555,16.29378520000003,10.09,Roulette-wheel selection,46
10,1100,14.30199920063936,16.131689737113568,10.39,Roulette-wheel selection,46
11,1200,14.08494332412792,16.085138799695482,8.96,Roulette-wheel selection,46
12,1300,14.08494332412792,16.077875013505576,9.3,Roulette-wheel selection,46
13,1400,14.08494332412792,16.273874948591533,9.34,Roulette-wheel selection,46
14,1500,14.08494332412792,16.060448853831033,9.56,Roulette-wheel selection,46
15,1600,14.08494332412792,16.015763852224286,9.75,Roulette-wheel selection,46
16,1700,14.08494332412792,15.87595914697598,9.5,Roulette-wheel selection,46
17,1800,14.08494332412792,15.987962591129842,8.84,Roulette-wheel selection,46
18,1900,13.997057550292606,15.986004602309254,8.22,Roulette-wheel selection,46
19,2000,13.997057550292606,15.857749768104808,8.17,Roulette-wheel selection,46
20,2100,13.997057550292606,15.991662411077238,7.8,Roulette-wheel selection,46
21,2200,13.8,15.967199197908998,7.71,Roulette-wheel selection,46
22,2300,13.8,16.202527654974567,7.44,Roulette-wheel selection,46
23,2400,13.8,16.08144074565437,8.14,Roulette-wheel selection,46
24,2500,13.8,15.701879533821169,8.67,Roulette-wheel selection,46
25,2600,13.8,15.527579620300774,9.33,Roulette-wheel selection,46
26,2700,13.8,15.52223610717322,9.75,Roulette-wheel selection,46
27,2800,13.8,15.74839787561675,8.87,Roulette-wheel selection,46
28,2900,13.8,15.773656173991942,8.63,Roulette-wheel selection,46
29,3000,13.8,15.827484549867464,8.94,Roulette-wheel selection,46
30,3100,13.8,16.036141678012854,8.65,Roulette-wheel selection,46
31,3200,13.8,15.902859129105549,8.72,Roulette-wheel selection,46
32,3300,13.8,15.88973740975741,9.15,Roulette-wheel selection,46
33,3400,13.8,15.879563638314444,9.01,Roulette-wheel selection,46
34,3500,13.8,15.90629399232028,8.62,Roulette-wheel selection,46
35,3600,13.763976744055029,16.161572671401945,8.48,Roulette-wheel selection,46
36,3700,13.763976744055029,16.250203011948088,8.11,Roulette-wheel selection,46
37,3800,13.763976744055029,15.84545238460139,8.85,Roulette-wheel selection,46
38,3900,13.763976744055029,15.836083739402053,9.4,Roulette-wheel selection,46
39,4000,13.763976744055029,15.970267198614206,9.4,Roulette-wheel selection,46
40,4100,13.763976744055029,15.911754358802463,9.55,Roulette-wheel selection,46
41,4200,13.763976744055029,15.71362793498458,10.09,Roulette-wheel selection,46
42,4300,13.763976744055029,15.810746729866132,9.73,Roulette-wheel selection,46
43,4400,13.763976744055029,15.740900031251735,10.36,Roulette-wheel selection,46
44,4500,13.763976744055029,15.781922302090347,10.18,Roulette-wheel selection,46
45,4600,13.763976744055029,15.996011377709504,9.93,Roulette-wheel selection,46
46,4700,13.763976744055029,15.836874499843407,10.72,Roulette-wheel selection,46
47,4800,13.763976744055029,15.924145506184262,10.45,Roulette-wheel selection,46
48,4900,13.763976744055029,15.798285887620038,10.68,Roulette-wheel selection,46
49,5000,13.763976744055029,15.631944920964129,11.11,Roulette-wheel selection,46
50,5100,13.763976744055029,15.599929046314823,10.85,Roulette-wheel selection,46
51,5200,13.763976744055029,15.467410032672444,10.4,Roulette-wheel selection,46
52,5300,13.763976744055029,15.616535743643809,9.79,Roulette-wheel selection,46
53,5400,13.763976744055029,15.936718584024506,9.23,Roulette-wheel selection,46
54,5500,13.763976744055029,15.994800026951582,9.73,Roulette-wheel selection,46
55,5600,13.763976744055029,15.673765485283866,9.73,Roulette-wheel selection,46
56,5700,13.359591794226542,15.730265597983273,9.48,Roulette-wheel selection,46
57,5800,13.359591794226542,15.834187808090602,8.99,Roulette-wheel selection,46
58,5900,13.359591794226542,15.530966086072995,9.36,Roulette-wheel selection,46
59,6000,13.359591794226542,15.47837933195147,9.52,Roulette-wheel selection,46
60,6100,13.359591794226542,15.538489918245508,10.27,Roulette-wheel selection,46
61,6200,13.288854381999831,15.301052640304128,10.48,Roulette-wheel selection,46
62,6300,13.288854381999831,15.413795107527848,10.18,Roulette-wheel selection,46
63,6400,13.288854381999831,15.67078197235984,9.52,Roulette-wheel selection,46
64,6500,13.288854381999831,15.860573330918928,8.74,Roulette-wheel selection,46
65,6600,13.288854381999831,16.035350607628672,8.15,Roulette-wheel selection,46
66,6700,13.288854381999831,15.878656118749042,8.87,Roulette-wheel selection,46
67,6800,13.288854381999831,15.957415446204308,8.83,Roulette-wheel selection,46
68,6900,13.288854381999831,16.014195930584034,8.66,Roulette-wheel selection,46
69,7000,13.288854381999831,15.904544725699198,9.05,Roulette-wheel selection,46
70,7100,13.288854381999831,15.694864987719914,9.77,Roulette-wheel selection,46
71,7200,13.288854381999831,15.65455450762408,9.91,Roulette-wheel selection,46
72,7300,13.288854381999831,15.969846317307754,8.63,Roulette-wheel selection,46
73,7400,13.288854381999831,15.74054328871272,8.65,Roulette-wheel selection,46
74,7500,13.288854381999831,15.547977259986144,9.34,Roulette-wheel selection,46
75,7600,13.288854381999831,15.764685508184256,9.41,Roulette-wheel selection,46
76,7700,13.288854381999831,15.442434604368838,10.38,Roulette-wheel selection,46
77,7800,13.288854381999831,15.571568668794844,10.47,Roulette-wheel selection,46
78,7900,13.288854381999831,15.46017852641907,10.29,Roulette-wheel selection,46
79,8000,13.288854381999831,15.456098567926947,9.97,Roulette-wheel selection,46
80,8100,13.288854381999831,15.592283136847042,9.82,Roulette-wheel selection,46
81,8200,13.288854381999831,15.81484190785675,9.24,Roulette-wheel selection,46
82,8300,13.288854381999831,15.85430784970742,9.1,Roulette-wheel selection,46
83,8400,13.288854381999831,15.893867527666496,8.97,Roulette-wheel selection,46
84,8500,13.288854381999831,15.627999336994527,10.03,Roulette-wheel selection,46
85,8600,13.288854381999831,15.481682897360631,10.0,Roulette-wheel selection,46
86,8700,13.288854381999831,15.530229648204427,9.27,Roulette-wheel selection,46
87,8800,13.288854381999831,15.654117999120938,9.39,Roulette-wheel selection,46
88,8900,13.288854381999831,15.54929647815026,9.79,Roulette-wheel selection,46
89,9000,13.288854381999831,15.983494646553304,9.32,Roulette-wheel selection,46
90,9100,13.288854381999831,15.927290194426696,9.57,Roulette-wheel selection,46
91,9200,13.288854381999831,16.11015680330103,9.92,Roulette-wheel selection,46
92,9300,13.288854381999831,15.84829074743114,9.86,Roulette-wheel selection,46
93,9400,13.288854381999831,15.587150490385698,10.08,Roulette-wheel selection,46
94,9500,13.288854381999831,15.344305416724216,9.66,Roulette-wheel selection,46
95,9600,13.288854381999831,15.190083570019809,10.23,Roulette-wheel selection,46
96,9700,13.288854381999831,15.404956635033797,9.9,Roulette-wheel selection,46
97,9800,13.288854381999831,15.451266338271909,10.02,Roulette-wheel selection,46
98,9900,13.288854381999831,15.764124685115632,9.07,Roulette-wheel selection,46
99,10000,13.288854381999831,15.83645923559455,8.69,Roulette-wheel selection,46
100,10100,13.288854381999831,15.70079206260312,8.98,Roulette-wheel selection,46
1,100,18.8295630140987,20.89587560698205,21.0,Random baseline,42
2,200,17.30990195135928,20.781337756777216,21.0,Random baseline,42
3,300,17.30990195135928,20.75303452653605,21.0,Random baseline,42
4,400,17.30990195135928,20.826753807286465,21.0,Random baseline,42
5,500,17.30990195135928,20.86108779793996,21.0,Random baseline,42
6,600,17.30990195135928,20.64576287817216,21.0,Random baseline,42
7,700,17.30990195135928,20.77848490293653,21.0,Random baseline,42
8,800,17.30990195135928,20.68058393848579,21.0,Random baseline,42
9,900,17.30990195135928,20.82857463388616,21.0,Random baseline,42
10,1000,17.30990195135928,20.718202431255524,21.0,Random baseline,42
11,1100,17.30990195135928,20.823989866543226,21.0,Random baseline,42
12,1200,17.30990195135928,20.719182817472948,21.0,Random baseline,42
13,1300,17.30990195135928,20.74049968428981,21.0,Random baseline,42
14,1400,17.30990195135928,20.729207316889685,21.0,Random baseline,42
15,1500,17.30990195135928,20.95618956096305,21.0,Random baseline,42
16,1600,16.474165738677396,20.80228323286792,21.0,Random baseline,42
17,1700,16.474165738677396,20.72652541150499,21.0,Random baseline,42
18,1800,16.474165738677396,20.67501978194639,21.0,Random baseline,42
19,1900,16.474165738677396,20.85737526692388,21.0,Random baseline,42
20,2000,16.474165738677396,20.84151929643945,21.0,Random baseline,42
21,2100,16.474165738677396,20.85152460169744,21.0,Random baseline,42
22,2200,16.474165738677396,20.897153034711213,21.0,Random baseline,42
23,2300,16.474165738677396,20.921864593777947,21.0,Random baseline,42
24,2400,16.474165738677396,20.902871666301184,21.0,Random baseline,42
25,2500,16.474165738677396,20.608091929190973,21.0,Random baseline,42
26,2600,16.474165738677396,20.95705536582156,21.0,Random baseline,42
27,2700,16.474165738677396,20.824782874970765,21.0,Random baseline,42
28,2800,16.474165738677396,20.6946067549299,21.0,Random baseline,42
29,2900,16.474165738677396,20.707302083665358,21.0,Random baseline,42
30,3000,16.474165738677396,20.76068070203678,21.0,Random baseline,42
31,3100,16.474165738677396,20.786931467552517,21.0,Random baseline,42
32,3200,16.474165738677396,20.51495624785149,21.0,Random baseline,42
33,3300,16.474165738677396,20.713220580352413,21.0,Random baseline,42
34,3400,16.474165738677396,20.52169973322542,21.0,Random baseline,42
35,3500,16.474165738677396,20.810752257040598,21.0,Random baseline,42
36,3600,16.474165738677396,20.630046484316416,21.0,Random baseline,42
37,3700,16.474165738677396,20.652957342482555,21.0,Random baseline,42
38,3800,16.474165738677396,20.870224740642666,21.0,Random baseline,42
39,3900,16.474165738677396,20.868481068756505,21.0,Random baseline,42
40,4000,16.474165738677396,20.52615127322872,21.0,Random baseline,42
41,4100,16.474165738677396,20.892593491674106,21.0,Random baseline,42
42,4200,16.474165738677396,20.7629765173924,21.0,Random baseline,42
43,4300,16.474165738677396,20.910427940908136,21.0,Random baseline,42
44,4400,16.474165738677396,20.883983556752177,21.0,Random baseline,42
45,4500,16.474165738677396,20.823377169209188,21.0,Random baseline,42
46,4600,16.474165738677396,20.858326179789863,21.0,Random baseline,42
47,4700,16.474165738677396,20.981012515606984,21.0,Random baseline,42
48,4800,16.474165738677396,20.83124771655717,21.0,Random baseline,42
49,4900,16.474165738677396,20.722349425387534,21.0,Random baseline,42
50,5000,16.474165738677396,20.6798147970168,21.0,Random baseline,42
51,5100,16.474165738677396,20.70178359182404,21.0,Random baseline,42
52,5200,16.474165738677396,20.71170871449665,21.0,Random baseline,42
53,5300,16.474165738677396,20.72658104993876,21.0,Random baseline,42
54,5400,16.474165738677396,20.768167057141632,21.0,Random baseline,42
55,5500,16.474165738677396,20.740111818253244,21.0,Random baseline,42
56,5600,16.474165738677396,20.9854775453936,21.0,Random baseline,42
57,5700,16.474165738677396,20.768870893138278,21.0,Random baseline,42
58,5800,16.474165738677396,20.689822009502578,21.0,Random baseline,42
59,5900,16.474165738677396,20.84086805025193,21.0,Random baseline,42
60,6000,16.474165738677396,20.839106608865045,21.0,Random baseline,42
61,6100,16.474165738677396,20.72480115584129,21.0,Random baseline,42
62,6200,16.474165738677396,20.781315806837856,21.0,Random baseline,42
63,6300,16.474165738677396,20.6875727713626,21.0,Random baseline,42
64,6400,16.474165738677396,20.84185496200778,21.0,Random baseline,42
65,6500,16.474165738677396,20.638382656211544,21.0,Random baseline,42
66,6600,16.474165738677396,20.72891102576727,21.0,Random baseline,42
67,6700,16.474165738677396,20.87196380643626,21.0,Random baseline,42
68,6800,16.474165738677396,20.833047548494616,21.0,Random baseline,42
69,6900,16.474165738677396,20.69852494525528,21.0,Random baseline,42
70,7000,16.474165738677396,20.83168502545152,21.0,Random baseline,42
71,7100,16.474165738677396,20.77051685292843,21.0,Random baseline,42
72,7200,16.474165738677396,20.777942816196266,21.0,Random baseline,42
73,7300,16.474165738677396,20.795218010756734,21.0,Random baseline,42
74,7400,16.474165738677396,20.87170877496401,21.0,Random baseline,42
75,7500,16.474165738677396,20.79285159779439,21.0,Random baseline,42
76,7600,16.474165738677396,20.72487932249736,21.0,Random baseline,42
77,7700,16.474165738677396,20.61749045153913,21.0,Random baseline,42
78,7800,16.474165738677396,20.805914308404684,21.0,Random baseline,42
79,7900,16.474165738677396,20.807696819399144,21.0,Random baseline,42
80,8000,16.474165738677396,20.742803433193007,21.0,Random baseline,42
81,8100,16.474165738677396,20.73578930692609,21.0,Random baseline,42
82,8200,16.474165738677396,20.89420060582361,21.0,Random baseline,42
83,8300,16.474165738677396,20.74499874221772,21.0,Random baseline,42
84,8400,16.474165738677396,20.90539599162336,21.0,Random baseline,42
85,8500,16.474165738677396,20.988733701983705,21.0,Random baseline,42
86,8600,16.474165738677396,20.731020097633003,21.0,Random baseline,42
87,8700,16.474165738677396,20.769280558362023,21.0,Random baseline,42
88,8800,16.474165738677396,20.873087641386963,21.0,Random baseline,42
89,8900,16.474165738677396,20.79729458189932,21.0,Random baseline,42
90,9000,16.474165738677396,20.72497624526417,21.0,Random baseline,42
91,9100,16.474165738677396,20.762689618012683,21.0,Random baseline,42
92,9200,16.474165738677396,20.708990239555813,21.0,Random baseline,42
93,9300,16.474165738677396,20.819897142644628,21.0,Random baseline,42
94,9400,16.474165738677396,20.839213562844957,21.0,Random baseline,42
95,9500,16.474165738677396,20.790226138906505,21.0,Random baseline,42
96,9600,16.474165738677396,20.693327188957586,21.0,Random baseline,42
97,9700,16.474165738677396,20.793545447202685,21.0,Random baseline,42
98,9800,16.474165738677396,20.84920629702292,21.0,Random baseline,42
99,9900,16.474165738677396,20.76368223945125,21.0,Random baseline,42
100,10000,16.474165738677396,20.630954016276643,21.0,Random baseline,42
101,10100,16.474165738677396,20.6614858747716,21.0,Random baseline,42
1,100,17.83622914957372,20.79248553087736,21.0,Random baseline,43
2,200,17.134846922834953,20.73158766656629,21.0,Random baseline,43
3,300,17.134846922834953,20.950425654699607,21.0,Random baseline,43
4,400,17.134846922834953,20.843196701125837,21.0,Random baseline,43
5,500,17.134846922834953,20.82040732640549,21.0,Random baseline,43
6,600,17.134846922834953,20.94032657188753,21.0,Random baseline,43
7,700,17.134846922834953,20.702838355304173,21.0,Random baseline,43
8,800,17.134846922834953,20.651541609995533,21.0,Random baseline,43
9,900,17.134846922834953,20.87265842110045,21.0,Random baseline,43
10,1000,17.134846922834953,20.901950088456825,21.0,Random baseline,43
11,1100,17.134846922834953,20.944279220554986,21.0,Random baseline,43
12,1200,17.134846922834953,20.676592303595584,21.0,Random baseline,43
13,1300,17.134846922834953,20.87165823334549,21.0,Random baseline,43
14,1400,17.134846922834953,20.761551809305043,21.0,Random baseline,43
15,1500,17.134846922834953,20.8143663546198,21.0,Random baseline,43
16,1600,17.134846922834953,20.673727749190345,21.0,Random baseline,43
17,1700,17.134846922834953,20.77598383749972,21.0,Random baseline,43
18,1800,17.134846922834953,20.81049816582798,21.0,Random baseline,43
19,1900,17.134846922834953,20.70141304616521,21.0,Random baseline,43
20,2000,17.134846922834953,20.794684024195117,21.0,Random baseline,43
21,2100,17.134846922834953,20.769044815960385,21.0,Random baseline,43
22,2200,17.134846922834953,20.66481254821397,21.0,Random baseline,43
23,2300,17.134846922834953,21.00541422644609,21.0,Random baseline,43
24,2400,17.134846922834953,20.845176536384283,21.0,Random baseline,43
25,2500,17.134846922834953,20.776727133756975,21.0,Random baseline,43
26,2600,17.134846922834953,20.716344843222693,21.0,Random baseline,43
27,2700,17.134846922834953,20.84092831543624,21.0,Random baseline,43
28,2800,17.134846922834953,20.86764646512958,21.0,Random baseline,43
29,2900,17.134846922834953,20.80976863997361,21.0,Random baseline,43
30,3000,17.134846922834953,20.76943448003752,21.0,Random baseline,43
31,3100,17.134846922834953,20.753735233584667,21.0,Random baseline,43
32,3200,17.134846922834953,20.92574902706784,21.0,Random baseline,43
33,3300,17.134846922834953,20.737619043369687,21.0,Random baseline,43
34,3400,17.134846922834953,20.898870906370547,21.0,Random baseline,43
35,3500,17.134846922834953,20.751905458179387,21.0,Random baseline,43
36,3600,17.134846922834953,20.6826341488717,21.0,Random baseline,43
37,3700,17.134846922834953,20.840221093348596,21.0,Random baseline,43
38,3800,17.134846922834953,20.66657640423744,21.0,Random baseline,43
39,3900,17.134846922834953,20.95130000646713,21.0,Random baseline,43
40,4000,17.134846922834953,20.83946899731903,21.0,Random baseline,43
41,4100,17.134846922834953,20.75728119428504,21.0,Random baseline,43
42,4200,17.134846922834953,20.768277425972563,21.0,Random baseline,43
43,4300,17.134846922834953,20.777090269607697,21.0,Random baseline,43
44,4400,17.134846922834953,20.743409552339816,21.0,Random baseline,43
45,4500,17.134846922834953,20.74071497209419,21.0,Random baseline,43
46,4600,17.134846922834953,20.93117087639577,21.0,Random baseline,43
47,4700,17.134846922834953,20.843435383132064,21.0,Random baseline,43
48,4800,17.134846922834953,20.74615636025073,21.0,Random baseline,43
49,4900,17.134846922834953,20.781476749229665,21.0,Random baseline,43
50,5000,17.134846922834953,20.844102223225377,21.0,Random baseline,43
51,5100,17.134846922834953,20.79467416102696,21.0,Random baseline,43
52,5200,17.134846922834953,20.766273068874213,21.0,Random baseline,43
53,5300,17.134846922834953,20.77372439284759,21.0,Random baseline,43
54,5400,17.134846922834953,20.721424999984105,21.0,Random baseline,43
55,5500,17.134846922834953,20.84897900180939,21.0,Random baseline,43
56,5600,17.134846922834953,20.7717272822012,21.0,Random baseline,43
57,5700,17.134846922834953,20.714602407073457,21.0,Random baseline,43
58,5800,17.134846922834953,20.843055518705498,21.0,Random baseline,43
59,5900,17.134846922834953,20.857129668906445,21.0,Random baseline,43
60,6000,17.134846922834953,20.93432024037796,21.0,Random baseline,43
61,6100,17.134846922834953,20.6865268386769,21.0,Random baseline,43
62,6200,17.134846922834953,20.752565733353805,21.0,Random baseline,43
63,6300,17.134846922834953,20.96929148728587,21.0,Random baseline,43
64,6400,17.134846922834953,20.81484660368285,21.0,Random baseline,43
65,6500,17.134846922834953,20.841882688795756,21.0,Random baseline,43
66,6600,17.134846922834953,20.818831864165062,21.0,Random baseline,43
67,6700,17.134846922834953,20.86668459940659,21.0,Random baseline,43
68,6800,17.134846922834953,20.757630705513897,21.0,Random baseline,43
69,6900,17.134846922834953,20.879464536741352,21.0,Random baseline,43
70,7000,17.134846922834953,20.810140799196247,21.0,Random baseline,43
71,7100,17.134846922834953,20.861896430488244,21.0,Random baseline,43
72,7200,17.134846922834953,20.783544594283303,21.0,Random baseline,43
73,7300,17.134846922834953,21.088845961898823,21.0,Random baseline,43
74,7400,17.134846922834953,20.670818705622192,21.0,Random baseline,43
75,7500,17.134846922834953,20.85708417739016,21.0,Random baseline,43
76,7600,17.134846922834953,20.873987501115742,21.0,Random baseline,43
77,7700,17.134846922834953,20.762041223901424,21.0,Random baseline,43
78,7800,17.134846922834953,20.7917306197432,21.0,Random baseline,43
79,7900,17.134846922834953,20.726941961577044,21.0,Random baseline,43
80,8000,17.134846922834953,20.711171125943924,21.0,Random baseline,43
81,8100,17.134846922834953,20.727916951359767,21.0,Random baseline,43
82,8200,17.134846922834953,20.72669065132724,21.0,Random baseline,43
83,8300,17.134846922834953,20.78849847067884,21.0,Random baseline,43
84,8400,17.134846922834953,20.83645490834845,21.0,Random baseline,43
85,8500,17.134846922834953,20.68221837782396,21.0,Random baseline,43
86,8600,17.134846922834953,20.760929653829912,21.0,Random baseline,43
87,8700,17.134846922834953,20.998112236273855,21.0,Random baseline,43
88,8800,17.134846922834953,20.948722065182995,21.0,Random baseline,43
89,8900,17.134846922834953,20.891707718331705,21.0,Random baseline,43
90,9000,17.134846922834953,21.096985934509654,21.0,Random baseline,43
91,9100,17.134846922834953,20.782714788155182,21.0,Random baseline,43
92,9200,17.134846922834953,20.63912575590319,21.0,Random baseline,43
93,9300,17.134846922834953,20.93088755894018,21.0,Random baseline,43
94,9400,17.134846922834953,20.72261586670485,21.0,Random baseline,43
95,9500,17.134846922834953,20.799760636583898,21.0,Random baseline,43
96,9600,17.134846922834953,20.97149328009253,21.0,Random baseline,43
97,9700,17.134846922834953,20.896134342252573,21.0,Random baseline,43
98,9800,17.134846922834953,20.762038479667545,21.0,Random baseline,43
99,9900,17.134846922834953,20.723339368603973,21.0,Random baseline,43
100,10000,17.134846922834953,20.754725473988525,21.0,Random baseline,43
101,10100,17.134846922834953,20.657731611082287,21.0,Random baseline,43
1,100,18.322497216032183,20.68285519441033,21.0,Random baseline,44
2,200,16.878232998312527,20.549447890622737,21.0,Random baseline,44
3,300,16.878232998312527,20.85410401304536,21.0,Random baseline,44
4,400,16.878232998312527,20.7676429813656,21.0,Random baseline,44
5,500,16.878232998312527,20.83004173008223,21.0,Random baseline,44
6,600,16.878232998312527,20.679922111226706,21.0,Random baseline,44
7,700,16.878232998312527,20.606961170768447,21.0,Random baseline,44
8,800,16.878232998312527,20.64310986004467,21.0,Random baseline,44
9,900,16.878232998312527,20.90381892518748,21.0,Random baseline,44
10,1000,16.878232998312527,20.54667299280769,21.0,Random baseline,44
11,1100,16.878232998312527,20.93615322983516,21.0,Random baseline,44
12,1200,16.878232998312527,20.78404257788211,21.0,Random baseline,44
13,1300,16.878232998312527,20.82339947686125,21.0,Random baseline,44
14,1400,16.878232998312527,20.83739060022671,21.0,Random baseline,44
15,1500,16.878232998312527,20.874125008073,21.0,Random baseline,44
16,1600,16.878232998312527,20.7180341958446,21.0,Random baseline,44
17,1700,16.878232998312527,20.85223678408637,21.0,Random baseline,44
18,1800,16.878232998312527,20.748702427530887,21.0,Random baseline,44
19,1900,16.878232998312527,20.85839361697172,21.0,Random baseline,44
20,2000,16.878232998312527,20.62694946011454,21.0,Random baseline,44
21,2100,16.878232998312527,20.631789199345533,21.0,Random baseline,44
22,2200,16.878232998312527,20.613221075370543,21.0,Random baseline,44
23,2300,16.878232998312527,20.83443594672043,21.0,Random baseline,44
24,2400,16.878232998312527,20.96256353702925,21.0,Random baseline,44
25,2500,16.878232998312527,20.783905034345096,21.0,Random baseline,44
26,2600,16.878232998312527,20.86263173719013,21.0,Random baseline,44
27,2700,16.878232998312527,20.727786002792985,21.0,Random baseline,44
28,2800,16.878232998312527,20.79674845812904,21.0,Random baseline,44
29,2900,16.878232998312527,20.77561943777965,21.0,Random baseline,44
30,3000,16.878232998312527,20.81083180145246,21.0,Random baseline,44
31,3100,16.878232998312527,20.750313125148228,21.0,Random baseline,44
32,3200,16.878232998312527,21.01120929727074,21.0,Random baseline,44
33,3300,16.878232998312527,20.85903056297952,21.0,Random baseline,44
34,3400,16.878232998312527,20.750328933830488,21.0,Random baseline,44
35,3500,16.878232998312527,20.682415274844196,21.0,Random baseline,44
36,3600,16.878232998312527,20.833039112063783,21.0,Random baseline,44
37,3700,16.878232998312527,20.780737594763,21.0,Random baseline,44
38,3800,16.878232998312527,20.75238975227209,21.0,Random baseline,44
39,3900,16.878232998312527,20.781140308766822,21.0,Random baseline,44
40,4000,16.878232998312527,20.75808483994153,21.0,Random baseline,44
41,4100,16.878232998312527,20.64850890701074,21.0,Random baseline,44
42,4200,16.878232998312527,20.751914830231357,21.0,Random baseline,44
43,4300,16.878232998312527,20.75756916346006,21.0,Random baseline,44
44,4400,16.878232998312527,20.81730605780984,21.0,Random baseline,44
45,4500,16.878232998312527,20.835047985349043,21.0,Random baseline,44
46,4600,16.878232998312527,20.923614800374526,21.0,Random baseline,44
47,4700,16.878232998312527,20.740168691324296,21.0,Random baseline,44
48,4800,16.878232998312527,20.624591020250577,21.0,Random baseline,44
49,4900,16.878232998312527,20.79421127040072,21.0,Random baseline,44
50,5000,16.878232998312527,20.95940329976196,21.0,Random baseline,44
51,5100,16.878232998312527,20.81988607752446,21.0,Random baseline,44
52,5200,16.878232998312527,20.730254984654675,21.0,Random baseline,44
53,5300,16.878232998312527,20.73995145980712,21.0,Random baseline,44
54,5400,16.878232998312527,20.687858980872655,21.0,Random baseline,44
55,5500,16.878232998312527,20.895379819521523,21.0,Random baseline,44
56,5600,16.878232998312527,20.86832276976453,21.0,Random baseline,44
57,5700,16.878232998312527,20.782397444015444,21.0,Random baseline,44
58,5800,16.878232998312527,20.68726795837558,21.0,Random baseline,44
59,5900,16.878232998312527,20.89694394441542,21.0,Random baseline,44
60,6000,16.878232998312527,20.72387810688501,21.0,Random baseline,44
61,6100,16.878232998312527,20.87392872823095,21.0,Random baseline,44
62,6200,16.878232998312527,20.796201887666037,21.0,Random baseline,44
63,6300,16.878232998312527,20.590920343825218,21.0,Random baseline,44
64,6400,16.878232998312527,20.915948939501146,21.0,Random baseline,44
65,6500,16.878232998312527,20.70852185969194,21.0,Random baseline,44
66,6600,16.878232998312527,20.788168913667946,21.0,Random baseline,44
67,6700,16.878232998312527,20.82149860176417,21.0,Random baseline,44
68,6800,16.878232998312527,20.782810715753467,21.0,Random baseline,44
69,6900,16.878232998312527,20.8609240565136,21.0,Random baseline,44
70,7000,16.878232998312527,20.762387578682507,21.0,Random baseline,44
71,7100,16.878232998312527,20.80933495196332,21.0,Random baseline,44
72,7200,16.878232998312527,20.8934614743364,21.0,Random baseline,44
73,7300,16.878232998312527,20.657932606107416,21.0,Random baseline,44
74,7400,16.878232998312527,20.7562714407358,21.0,Random baseline,44
75,7500,16.878232998312527,20.882468230384674,21.0,Random baseline,44
76,7600,16.878232998312527,20.553149562384,21.0,Random baseline,44
77,7700,16.878232998312527,20.7214434811567,21.0,Random baseline,44
78,7800,16.878232998312527,20.944769787149763,21.0,Random baseline,44
79,7900,16.878232998312527,20.851061507031844,21.0,Random baseline,44
80,8000,16.878232998312527,20.76118163021549,21.0,Random baseline,44
81,8100,16.878232998312527,21.01012341989628,21.0,Random baseline,44
82,8200,16.878232998312527,20.89061572294294,21.0,Random baseline,44
83,8300,16.878232998312527,20.781021960837524,21.0,Random baseline,44
84,8400,16.878232998312527,20.79735165293524,21.0,Random baseline,44
85,8500,16.878232998312527,20.69493689941882,21.0,Random baseline,44
86,8600,16.878232998312527,20.83088755941596,21.0,Random baseline,44
87,8700,16.878232998312527,20.842476976071204,21.0,Random baseline,44
88,8800,16.878232998312527,20.956878274697832,21.0,Random baseline,44
89,8900,16.878232998312527,20.5991045808817,21.0,Random baseline,44
90,9000,16.878232998312527,20.81644055224789,21.0,Random baseline,44
91,9100,16.878232998312527,20.780287330272067,21.0,Random baseline,44
92,9200,16.878232998312527,20.808975847735613,21.0,Random baseline,44
93,9300,16.878232998312527,20.761086434750588,21.0,Random baseline,44
94,9400,16.878232998312527,20.81797097421517,21.0,Random baseline,44
95,9500,16.878232998312527,20.80125653648241,21.0,Random baseline,44
96,9600,16.878232998312527,20.82028158041783,21.0,Random baseline,44
97,9700,16.878232998312527,20.940919793196407,21.0,Random baseline,44
98,9800,16.7,20.752711425097267,21.0,Random baseline,44
99,9900,16.7,20.70396147040856,21.0,Random baseline,44
100,10000,16.7,20.82335781869025,21.0,Random baseline,44
101,10100,16.7,20.843391579178004,21.0,Random baseline,44
1,100,18.63527000944073,20.82317916209672,21.0,Random baseline,45
2,200,17.563818169698585,20.70908965948399,21.0,Random baseline,45
3,300,17.563818169698585,20.73424366007146,21.0,Random baseline,45
4,400,17.563818169698585,20.86560124780009,21.0,Random baseline,45
5,500,17.563818169698585,20.73409179391604,21.0,Random baseline,45
6,600,17.563818169698585,20.84674627320896,21.0,Random baseline,45
7,700,17.563818169698585,20.80136195333608,21.0,Random baseline,45
8,800,17.46619037896906,20.778661819616545,21.0,Random baseline,45
9,900,17.46619037896906,20.739468839752195,21.0,Random baseline,45
10,1000,17.46619037896906,20.83943511265433,21.0,Random baseline,45
11,1100,17.46619037896906,20.73636349658464,21.0,Random baseline,45
12,1200,17.46619037896906,20.90473783506044,21.0,Random baseline,45
13,1300,17.46619037896906,20.780697870591467,21.0,Random baseline,45
14,1400,17.46619037896906,20.6104544727772,21.0,Random baseline,45
15,1500,17.46619037896906,20.547900417041703,21.0,Random baseline,45
16,1600,17.46619037896906,20.91048927464521,21.0,Random baseline,45
17,1700,17.46619037896906,20.91605711894885,21.0,Random baseline,45
18,1800,17.46619037896906,20.877954680431543,21.0,Random baseline,45
19,1900,17.46619037896906,20.76294323130187,21.0,Random baseline,45
20,2000,17.46619037896906,20.9311896395045,21.0,Random baseline,45
21,2100,17.46619037896906,20.76773160961237,21.0,Random baseline,45
22,2200,17.46619037896906,20.73196561494364,21.0,Random baseline,45
23,2300,17.46619037896906,20.85091061120254,21.0,Random baseline,45
24,2400,17.46619037896906,20.850859089967468,21.0,Random baseline,45
25,2500,17.46619037896906,20.810913066192693,21.0,Random baseline,45
26,2600,17.46619037896906,20.90767153480597,21.0,Random baseline,45
27,2700,17.46619037896906,20.95494972250198,21.0,Random baseline,45
28,2800,17.46619037896906,20.74372231390517,21.0,Random baseline,45
29,2900,17.46619037896906,20.78781328479126,21.0,Random baseline,45
30,3000,17.46619037896906,20.724885479534592,21.0,Random baseline,45
31,3100,17.46619037896906,20.804523426821063,21.0,Random baseline,45
32,3200,17.46619037896906,20.859997060851025,21.0,Random baseline,45
33,3300,17.36619037896906,20.69456387897157,21.0,Random baseline,45
34,3400,17.36619037896906,20.56509158033992,21.0,Random baseline,45
35,3500,17.36619037896906,20.89790485166974,21.0,Random baseline,45
36,3600,17.36619037896906,20.853881380558704,21.0,Random baseline,45
37,3700,17.36619037896906,20.874399695021864,21.0,Random baseline,45
38,3800,17.36619037896906,20.888704714315605,21.0,Random baseline,45
39,3900,17.36619037896906,21.00167175581828,21.0,Random baseline,45
40,4000,17.36619037896906,20.82989665484033,21.0,Random baseline,45
41,4100,17.36619037896906,20.82003113568261,21.0,Random baseline,45
42,4200,17.36619037896906,21.002412229317457,21.0,Random baseline,45
43,4300,17.36619037896906,20.7335053380111,21.0,Random baseline,45
44,4400,17.36619037896906,20.74487200256822,21.0,Random baseline,45
45,4500,17.36619037896906,20.768483166614388,21.0,Random baseline,45
46,4600,17.36619037896906,20.855744340752544,21.0,Random baseline,45
47,4700,17.36619037896906,20.867921356497348,21.0,Random baseline,45
48,4800,17.36619037896906,20.81392176901636,21.0,Random baseline,45
49,4900,17.36619037896906,20.663174294990284,21.0,Random baseline,45
50,5000,17.36619037896906,20.654609026883204,21.0,Random baseline,45
51,5100,17.36619037896906,20.81084084684741,21.0,Random baseline,45
52,5200,17.36619037896906,20.942670071346264,21.0,Random baseline,45
53,5300,17.36619037896906,20.708455967953498,21.0,Random baseline,45
54,5400,17.36619037896906,20.859553006651986,21.0,Random baseline,45
55,5500,17.36619037896906,20.69217790202759,21.0,Random baseline,45
56,5600,17.36619037896906,20.790149817261703,21.0,Random baseline,45
57,5700,17.36619037896906,20.8661776094874,21.0,Random baseline,45
58,5800,17.36619037896906,20.789718582080774,21.0,Random baseline,45
59,5900,17.36619037896906,20.62968578048002,21.0,Random baseline,45
60,6000,17.36619037896906,20.78270241452255,21.0,Random baseline,45
61,6100,17.36619037896906,20.705504437241544,21.0,Random baseline,45
62,6200,17.36619037896906,20.797109150847515,21.0,Random baseline,45
63,6300,17.36619037896906,20.835225666223828,21.0,Random baseline,45
64,6400,17.36619037896906,20.974572290134187,21.0,Random baseline,45
65,6500,17.36619037896906,20.865903156055424,21.0,Random baseline,45
66,6600,17.36619037896906,20.574107621384893,21.0,Random baseline,45
67,6700,17.36619037896906,20.90485333351065,21.0,Random baseline,45
68,6800,17.36619037896906,20.65852653831376,21.0,Random baseline,45
69,6900,17.36619037896906,20.81752362917487,21.0,Random baseline,45
70,7000,17.36619037896906,20.81512603363949,21.0,Random baseline,45
71,7100,17.36619037896906,20.716757073124665,21.0,Random baseline,45
72,7200,17.36619037896906,20.887460566142785,21.0,Random baseline,45
73,7300,17.36619037896906,20.934514954910423,21.0,Random baseline,45
74,7400,17.36619037896906,20.752435853597653,21.0,Random baseline,45
75,7500,17.36619037896906,20.87945262025614,21.0,Random baseline,45
76,7600,17.36619037896906,20.93309584710924,21.0,Random baseline,45
77,7700,17.36619037896906,21.01865394321224,21.0,Random baseline,45
78,7800,17.36619037896906,20.806411171926467,21.0,Random baseline,45
79,7900,17.36619037896906,20.862998064041925,21.0,Random baseline,45
80,8000,17.36619037896906,20.89592004615158,21.0,Random baseline,45
81,8100,17.36619037896906,20.850149227124334,21.0,Random baseline,45
82,8200,17.36619037896906,20.945747959759256,21.0,Random baseline,45
83,8300,17.36619037896906,20.82962570567166,21.0,Random baseline,45
84,8400,17.36619037896906,20.83649759372335,21.0,Random baseline,45
85,8500,17.140175425099137,20.758018861218503,21.0,Random baseline,45
86,8600,17.140175425099137,20.758296823569427,21.0,Random baseline,45
87,8700,17.140175425099137,20.851033238251944,21.0,Random baseline,45
88,8800,17.140175425099137,20.826905797248354,21.0,Random baseline,45
89,8900,17.140175425099137,20.79747137318096,21.0,Random baseline,45
90,9000,17.140175425099137,20.513602208336305,21.0,Random baseline,45
91,9100,17.140175425099137,20.72311322191602,21.0,Random baseline,45
92,9200,17.140175425099137,20.90659397593639,21.0,Random baseline,45
93,9300,17.140175425099137,20.780881701959157,21.0,Random baseline,45
94,9400,17.140175425099137,20.91997374815139,21.0,Random baseline,45
95,9500,17.140175425099137,20.84893146134324,21.0,Random baseline,45
96,9600,17.140175425099137,20.915944163241893,21.0,Random baseline,45
97,9700,17.140175425099137,20.64617964597515,21.0,Random baseline,45
98,9800,17.140175425099137,20.75980602799353,21.0,Random baseline,45
99,9900,17.140175425099137,20.664791103977176,21.0,Random baseline,45
100,10000,17.140175425099137,20.69373610335945,21.0,Random baseline,45
101,10100,17.140175425099137,20.672142553054936,21.0,Random baseline,45
1,100,17.880624847486573,20.823723850442043,21.0,Random baseline,46
2,200,17.207106781186546,20.630982964363035,21.0,Random baseline,46
3,300,17.207106781186546,20.607107882960943,21.0,Random baseline,46
4,400,17.207106781186546,20.81334522395241,21.0,Random baseline,46
5,500,17.207106781186546,20.854703342763028,21.0,Random baseline,46
6,600,17.207106781186546,20.57498060476004,21.0,Random baseline,46
7,700,17.207106781186546,20.808721970612886,21.0,Random baseline,46
8,800,17.207106781186546,20.80542624374371,21.0,Random baseline,46
9,900,17.207106781186546,20.832847718263224,21.0,Random baseline,46
10,1000,17.207106781186546,20.755135303686718,21.0,Random baseline,46
11,1100,17.207106781186546,20.902992105876425,21.0,Random baseline,46
12,1200,17.207106781186546,20.769417571094,21.0,Random baseline,46
13,1300,17.207106781186546,20.876123249988296,21.0,Random baseline,46
14,1400,17.207106781186546,20.83813123134174,21.0,Random baseline,46
15,1500,17.207106781186546,20.6238929780308,21.0,Random baseline,46
16,1600,17.207106781186546,20.87597281786057,21.0,Random baseline,46
17,1700,17.207106781186546,20.807701570862925,21.0,Random baseline,46
18,1800,17.207106781186546,20.78368825043961,21.0,Random baseline,46
19,1900,17.207106781186546,20.82237602224333,21.0,Random baseline,46
20,2000,17.207106781186546,20.69067358207073,21.0,Random baseline,46
21,2100,17.207106781186546,20.816313930113253,21.0,Random baseline,46
22,2200,17.207106781186546,20.8839902564833,21.0,Random baseline,46
23,2300,17.207106781186546,20.77666296620713,21.0,Random baseline,46
24,2400,17.207106781186546,20.74324427273614,21.0,Random baseline,46
25,2500,17.207106781186546,20.674072431502783,21.0,Random baseline,46
26,2600,17.207106781186546,20.74967063768176,21.0,Random baseline,46
27,2700,17.207106781186546,20.768134308805983,21.0,Random baseline,46
28,2800,17.207106781186546,20.85220693755239,21.0,Random baseline,46
29,2900,17.207106781186546,20.537405382434187,21.0,Random baseline,46
30,3000,17.207106781186546,21.015697028336227,21.0,Random baseline,46
31,3100,17.207106781186546,20.7322823140981,21.0,Random baseline,46
32,3200,17.207106781186546,20.808250868717323,21.0,Random baseline,46
33,3300,17.207106781186546,20.832232903836,21.0,Random baseline,46
34,3400,17.207106781186546,20.58058707931444,21.0,Random baseline,46
35,3500,17.207106781186546,20.696542667733084,21.0,Random baseline,46
36,3600,17.063324958071078,20.682542614176665,21.0,Random baseline,46
37,3700,17.063324958071078,20.91879092955288,21.0,Random baseline,46
38,3800,17.063324958071078,20.80096717215932,21.0,Random baseline,46
39,3900,17.063324958071078,20.68266362686034,21.0,Random baseline,46
40,4000,17.063324958071078,20.98298373987977,21.0,Random baseline,46
41,4100,17.063324958071078,20.7970973551891,21.0,Random baseline,46
42,4200,17.063324958071078,20.714592222433662,21.0,Random baseline,46
43,4300,17.063324958071078,20.709986774020827,21.0,Random baseline,46
44,4400,17.063324958071078,20.90641274571321,21.0,Random baseline,46
45,4500,17.063324958071078,20.760676918077348,21.0,Random baseline,46
46,4600,17.063324958071078,20.903298462456288,21.0,Random baseline,46
47,4700,17.063324958071078,20.686581428298226,21.0,Random baseline,46
48,4800,17.063324958071078,20.740212162001598,21.0,Random baseline,46
49,4900,17.063324958071078,20.709623813497256,21.0,Random baseline,46
50,5000,17.063324958071078,20.781508842142134,21.0,Random baseline,46
51,5100,17.063324958071078,20.674190573608968,21.0,Random baseline,46
52,5200,17.063324958071078,20.807444090077908,21.0,Random baseline,46
53,5300,17.063324958071078,20.854946824590076,21.0,Random baseline,46
54,5400,17.063324958071078,20.804973685110006,21.0,Random baseline,46
55,5500,17.063324958071078,20.7694264822762,21.0,Random baseline,46
56,5600,17.063324958071078,20.619647287982342,21.0,Random baseline,46
57,5700,17.063324958071078,20.76217744029183,21.0,Random baseline,46
58,5800,17.063324958071078,20.721854500864477,21.0,Random baseline,46
59,5900,17.063324958071078,20.77493381420305,21.0,Random baseline,46
60,6000,17.063324958071078,20.917407231134533,21.0,Random baseline,46
61,6100,17.063324958071078,20.7108069596184,21.0,Random baseline,46
62,6200,17.063324958071078,20.66186869745124,21.0,Random baseline,46
63,6300,17.063324958071078,20.730450637393822,21.0,Random baseline,46
64,6400,17.063324958071078,20.637418161255667,21.0,Random baseline,46
65,6500,17.063324958071078,20.804389834334103,21.0,Random baseline,46
66,6600,17.063324958071078,20.88608007210077,21.0,Random baseline,46
67,6700,17.063324958071078,20.699543007411744,21.0,Random baseline,46
68,6800,17.063324958071078,20.81075030168875,21.0,Random baseline,46
69,6900,17.063324958071078,20.78085664000504,21.0,Random baseline,46
70,7000,17.063324958071078,20.64785569960093,21.0,Random baseline,46
71,7100,17.063324958071078,20.8065741910974,21.0,Random baseline,46
72,7200,17.063324958071078,20.877527099166404,21.0,Random baseline,46
73,7300,17.063324958071078,20.8518915923966,21.0,Random baseline,46
74,7400,17.063324958071078,20.69782294985612,21.0,Random baseline,46
75,7500,17.063324958071078,20.79126536861795,21.0,Random baseline,46
76,7600,17.063324958071078,20.829577813073453,21.0,Random baseline,46
77,7700,17.063324958071078,20.758570386831256,21.0,Random baseline,46
78,7800,17.063324958071078,20.770355547283284,21.0,Random baseline,46
79,7900,17.063324958071078,20.76331135118959,21.0,Random baseline,46
80,8000,17.047722557505168,20.88254009080082,21.0,Random baseline,46
81,8100,17.047722557505168,20.85596154495976,21.0,Random baseline,46
82,8200,17.047722557505168,20.638132399559712,21.0,Random baseline,46
83,8300,17.047722557505168,20.909776994527306,21.0,Random baseline,46
84,8400,17.047722557505168,20.793714308089392,21.0,Random baseline,46
85,8500,17.047722557505168,20.757819026575177,21.0,Random baseline,46
86,8600,17.047722557505168,21.07127605809425,21.0,Random baseline,46
87,8700,17.047722557505168,20.862062784127065,21.0,Random baseline,46
88,8800,17.047722557505168,20.86274700607148,21.0,Random baseline,46
89,8900,17.047722557505168,20.883423334677364,21.0,Random baseline,46
90,9000,17.047722557505168,20.80349280638653,21.0,Random baseline,46
91,9100,17.047722557505168,20.709927567163717,21.0,Random baseline,46
92,9200,17.047722557505168,20.930883799783995,21.0,Random baseline,46
93,9300,17.047722557505168,20.61715061297896,21.0,Random baseline,46
94,9400,17.047722557505168,20.583756138676264,21.0,Random baseline,46
95,9500,17.047722557505168,20.74587591470583,21.0,Random baseline,46
96,9600,17.047722557505168,20.801792132592023,21.0,Random baseline,46
97,9700,17.047722557505168,20.927037375174542,21.0,Random baseline,46
98,9800,17.047722557505168,20.826511387205127,21.0,Random baseline,46
99,9900,17.047722557505168,20.6860076085038,21.0,Random baseline,46
100,10000,17.047722557505168,20.544685852435776,21.0,Random baseline,46
101,10100,17.047722557505168,20.8427327068889,21.0,Random baseline,46
